<?xml version="1.0" encoding="UTF-8"?>
<gpx creator="StravaGPX" version="1.1" xmlns="http://www.topografix.com/GPX/1/1" xmlns:xsi="http://www.w3.org/2001/XMLSchema-instance" xsi:schemaLocation="http://www.topografix.com/GPX/1/1 http://www.topografix.com/GPX/1/1/gpx.xsd">
 <metadata>
  <name>De Nardi</name>
  <author>
   <name>Andrea Bonvicin</name>
   <link href="https://www.strava.com/athletes/33830131"/>
  </author>
  <copyright author="OpenStreetMap contributors">
   <year>2020</year>
   <license>https://www.openstreetmap.org/copyright</license>
  </copyright>
  <link href="https://www.strava.com/routes/3484839367615921878"/>
 </metadata>
 <trk>
  <name>De Nardi</name>
  <link href="https://www.strava.com/routes/3484839367615921878"/>
  <type>cycling</type>
  <trkseg>
   <trkpt lat="45.971230000000006" lon="12.311160000000001">
    <ele>117.86</ele>
   </trkpt>
   <trkpt lat="45.971000000000004" lon="12.31056">
    <ele>117.11</ele>
   </trkpt>
   <trkpt lat="45.97061500287646" lon="12.309739994181287">
    <ele>117.16000000000001</ele>
   </trkpt>
   <trkpt lat="45.97023" lon="12.30892">
    <ele>117.23000000000002</ele>
   </trkpt>
   <trkpt lat="45.969715004741964" lon="12.307874990242707">
    <ele>117.46000000000001</ele>
   </trkpt>
   <trkpt lat="45.9692" lon="12.306830000000001">
    <ele>117.76</ele>
   </trkpt>
   <trkpt lat="45.96913000000001" lon="12.30662">
    <ele>117.87000000000002</ele>
   </trkpt>
   <trkpt lat="45.96911" lon="12.306470000000001">
    <ele>117.89</ele>
   </trkpt>
   <trkpt lat="45.96913000000001" lon="12.30638">
    <ele>117.89</ele>
   </trkpt>
   <trkpt lat="45.96911" lon="12.306220000000001">
    <ele>117.99000000000001</ele>
   </trkpt>
   <trkpt lat="45.96907" lon="12.30615">
    <ele>117.99000000000001</ele>
   </trkpt>
   <trkpt lat="45.96902" lon="12.30611">
    <ele>117.99000000000001</ele>
   </trkpt>
   <trkpt lat="45.968920000000004" lon="12.3061">
    <ele>117.77000000000001</ele>
   </trkpt>
   <trkpt lat="45.968830000000004" lon="12.30602">
    <ele>116.94000000000001</ele>
   </trkpt>
   <trkpt lat="45.96878" lon="12.30592">
    <ele>116.94000000000001</ele>
   </trkpt>
   <trkpt lat="45.968336021416036" lon="12.30481196447784">
    <ele>115.12</ele>
   </trkpt>
   <trkpt lat="45.96789203212429" lon="12.303703946718313">
    <ele>112.99000000000001</ele>
   </trkpt>
   <trkpt lat="45.967448032125084" lon="12.302595946721285">
    <ele>113.47000000000001</ele>
   </trkpt>
   <trkpt lat="45.96700402141879" lon="12.301487964486627">
    <ele>116.92</ele>
   </trkpt>
   <trkpt lat="45.96656" lon="12.30038">
    <ele>120.62</ele>
   </trkpt>
   <trkpt lat="45.966350000000006" lon="12.29972">
    <ele>121.8</ele>
   </trkpt>
   <trkpt lat="45.96627" lon="12.299370000000001">
    <ele>122.32000000000001</ele>
   </trkpt>
   <trkpt lat="45.96616" lon="12.298760000000001">
    <ele>123.04</ele>
   </trkpt>
   <trkpt lat="45.966080000000005" lon="12.298020000000001">
    <ele>123.69000000000001</ele>
   </trkpt>
   <trkpt lat="45.96605501915337" lon="12.29680999832489">
    <ele>124.10000000000001</ele>
   </trkpt>
   <trkpt lat="45.96603002553731" lon="12.29559999774137">
    <ele>125.66000000000003</ele>
   </trkpt>
   <trkpt lat="45.96600501915181" lon="12.294389998249992">
    <ele>126.69</ele>
   </trkpt>
   <trkpt lat="45.96598" lon="12.293180000000001">
    <ele>128.32999999999998</ele>
   </trkpt>
   <trkpt lat="45.96593000000001" lon="12.292560000000002">
    <ele>129.15</ele>
   </trkpt>
   <trkpt lat="45.965860000000006" lon="12.292050000000001">
    <ele>129.72</ele>
   </trkpt>
   <trkpt lat="45.96569" lon="12.291260000000001">
    <ele>130.92000000000002</ele>
   </trkpt>
   <trkpt lat="45.96544" lon="12.29049">
    <ele>132.44</ele>
   </trkpt>
   <trkpt lat="45.965180000000004" lon="12.289900000000001">
    <ele>133.22</ele>
   </trkpt>
   <trkpt lat="45.96510000000001" lon="12.28963">
    <ele>133.41</ele>
   </trkpt>
   <trkpt lat="45.965070000000004" lon="12.28944">
    <ele>133.76000000000002</ele>
   </trkpt>
   <trkpt lat="45.96508" lon="12.28941">
    <ele>133.76000000000002</ele>
   </trkpt>
   <trkpt lat="45.96522" lon="12.28927">
    <ele>133.81</ele>
   </trkpt>
   <trkpt lat="45.965390000000006" lon="12.289150000000001">
    <ele>133.99</ele>
   </trkpt>
   <trkpt lat="45.965830000364" lon="12.2888200027043">
    <ele>134.54000000000002</ele>
   </trkpt>
   <trkpt lat="45.96627" lon="12.288490000000001">
    <ele>135.57000000000002</ele>
   </trkpt>
   <trkpt lat="45.96645" lon="12.28833">
    <ele>136.91</ele>
   </trkpt>
   <trkpt lat="45.966530000000006" lon="12.288170000000001">
    <ele>137.07</ele>
   </trkpt>
   <trkpt lat="45.96651000000001" lon="12.288020000000001">
    <ele>137.07</ele>
   </trkpt>
   <trkpt lat="45.96641" lon="12.287830000000001">
    <ele>137.13</ele>
   </trkpt>
   <trkpt lat="45.96584667208693" lon="12.287043317365772">
    <ele>138.47</ele>
   </trkpt>
   <trkpt lat="45.9652833387764" lon="12.286256650731193">
    <ele>139.59</ele>
   </trkpt>
   <trkpt lat="45.96472000000001" lon="12.285470000000002">
    <ele>140.39000000000001</ele>
   </trkpt>
   <trkpt lat="45.96453" lon="12.285260000000001">
    <ele>141.01000000000002</ele>
   </trkpt>
   <trkpt lat="45.96426" lon="12.28508">
    <ele>141.25</ele>
   </trkpt>
   <trkpt lat="45.96405" lon="12.28503">
    <ele>141.32</ele>
   </trkpt>
   <trkpt lat="45.96383" lon="12.28503">
    <ele>141.43</ele>
   </trkpt>
   <trkpt lat="45.96304000000001" lon="12.285100000000002">
    <ele>140.94</ele>
   </trkpt>
   <trkpt lat="45.96282" lon="12.28508">
    <ele>141.01000000000002</ele>
   </trkpt>
   <trkpt lat="45.96264" lon="12.285010000000002">
    <ele>140.98000000000002</ele>
   </trkpt>
   <trkpt lat="45.962120000000006" lon="12.28476">
    <ele>140.36</ele>
   </trkpt>
   <trkpt lat="45.961337502018495" lon="12.284367483371406">
    <ele>138.83</ele>
   </trkpt>
   <trkpt lat="45.96055500269329" lon="12.283974977829944">
    <ele>136.03</ele>
   </trkpt>
   <trkpt lat="45.95977250202444" lon="12.28358248337502">
    <ele>133.10000000000002</ele>
   </trkpt>
   <trkpt lat="45.95899000000001" lon="12.283190000000001">
    <ele>131.41</ele>
   </trkpt>
   <trkpt lat="45.958670000000005" lon="12.283100000000001">
    <ele>131.55</ele>
   </trkpt>
   <trkpt lat="45.958490000000005" lon="12.283080000000002">
    <ele>132.01000000000002</ele>
   </trkpt>
   <trkpt lat="45.9579399999721" lon="12.283090000099776">
    <ele>135.4</ele>
   </trkpt>
   <trkpt lat="45.957390000000004" lon="12.283100000000001">
    <ele>139.39000000000001</ele>
   </trkpt>
   <trkpt lat="45.957260000000005" lon="12.28307">
    <ele>140.44</ele>
   </trkpt>
   <trkpt lat="45.957150000000006" lon="12.28301">
    <ele>141.44</ele>
   </trkpt>
   <trkpt lat="45.957060000000006" lon="12.28293">
    <ele>141.44</ele>
   </trkpt>
   <trkpt lat="45.95682" lon="12.282530000000001">
    <ele>145.37</ele>
   </trkpt>
   <trkpt lat="45.95647000295079" lon="12.28170499474834">
    <ele>148.49</ele>
   </trkpt>
   <trkpt lat="45.956120000000006" lon="12.280880000000002">
    <ele>154.8</ele>
   </trkpt>
   <trkpt lat="45.95597" lon="12.280610000000001">
    <ele>157.25</ele>
   </trkpt>
   <trkpt lat="45.95573" lon="12.28035">
    <ele>158.22</ele>
   </trkpt>
   <trkpt lat="45.9555" lon="12.28021">
    <ele>160.49</ele>
   </trkpt>
   <trkpt lat="45.954780000676195" lon="12.279926659294945">
    <ele>164.51000000000002</ele>
   </trkpt>
   <trkpt lat="45.95406000065221" lon="12.279643325952298">
    <ele>166.21</ele>
   </trkpt>
   <trkpt lat="45.953340000000004" lon="12.27936">
    <ele>164.31</ele>
   </trkpt>
   <trkpt lat="45.95264" lon="12.279050000000002">
    <ele>161.46</ele>
   </trkpt>
   <trkpt lat="45.95219" lon="12.278880000000001">
    <ele>160.5</ele>
   </trkpt>
   <trkpt lat="45.951533333528616" lon="12.278743330101593">
    <ele>158.38000000000002</ele>
   </trkpt>
   <trkpt lat="45.95087666689433" lon="12.278606663441716">
    <ele>157.65</ele>
   </trkpt>
   <trkpt lat="45.95022" lon="12.27847">
    <ele>158.19000000000003</ele>
   </trkpt>
   <trkpt lat="45.94995" lon="12.27843">
    <ele>158.19000000000003</ele>
   </trkpt>
   <trkpt lat="45.949540000000006" lon="12.278480000000002">
    <ele>158.8</ele>
   </trkpt>
   <trkpt lat="45.949360000000006" lon="12.278550000000001">
    <ele>159.03</ele>
   </trkpt>
   <trkpt lat="45.94856" lon="12.279010000000001">
    <ele>160.70000000000002</ele>
   </trkpt>
   <trkpt lat="45.948370000000004" lon="12.279090000000002">
    <ele>160.87</ele>
   </trkpt>
   <trkpt lat="45.94820000000001" lon="12.27913">
    <ele>160.55</ele>
   </trkpt>
   <trkpt lat="45.94805" lon="12.27912">
    <ele>160.27</ele>
   </trkpt>
   <trkpt lat="45.94789" lon="12.279090000000002">
    <ele>159.37</ele>
   </trkpt>
   <trkpt lat="45.947750000000006" lon="12.27904">
    <ele>159.37</ele>
   </trkpt>
   <trkpt lat="45.9476" lon="12.278960000000001">
    <ele>157.84</ele>
   </trkpt>
   <trkpt lat="45.94715000027107" lon="12.278669997584101">
    <ele>155.63000000000002</ele>
   </trkpt>
   <trkpt lat="45.94670000000001" lon="12.27838">
    <ele>153.06</ele>
   </trkpt>
   <trkpt lat="45.946220000555456" lon="12.278069997403799">
    <ele>150.61</ele>
   </trkpt>
   <trkpt lat="45.94574" lon="12.27776">
    <ele>147.21</ele>
   </trkpt>
   <trkpt lat="45.94506333621583" lon="12.277189986126004">
    <ele>143.17000000000002</ele>
   </trkpt>
   <trkpt lat="45.94438666959785" lon="12.27661998616725">
    <ele>137.99</ele>
   </trkpt>
   <trkpt lat="45.94371" lon="12.276050000000001">
    <ele>133.46</ele>
   </trkpt>
   <trkpt lat="45.943140001068976" lon="12.275554994911086">
    <ele>128.35000000000002</ele>
   </trkpt>
   <trkpt lat="45.94257" lon="12.275060000000002">
    <ele>125.73</ele>
   </trkpt>
   <trkpt lat="45.94205" lon="12.27466">
    <ele>121.75000000000001</ele>
   </trkpt>
   <trkpt lat="45.941590000000005" lon="12.274410000000001">
    <ele>118.68</ele>
   </trkpt>
   <trkpt lat="45.940900000000006" lon="12.2741">
    <ele>114.90000000000002</ele>
   </trkpt>
   <trkpt lat="45.94064" lon="12.273930000000002">
    <ele>112.52000000000001</ele>
   </trkpt>
   <trkpt lat="45.94050000000001" lon="12.273790000000002">
    <ele>112.52000000000001</ele>
   </trkpt>
   <trkpt lat="45.9401" lon="12.27369">
    <ele>110.16000000000001</ele>
   </trkpt>
   <trkpt lat="45.93945666678748" lon="12.273566663802411">
    <ele>104.25000000000001</ele>
   </trkpt>
   <trkpt lat="45.93881333344227" lon="12.273443330466845">
    <ele>102.42000000000002</ele>
   </trkpt>
   <trkpt lat="45.93817000000001" lon="12.273320000000002">
    <ele>101.55</ele>
   </trkpt>
   <trkpt lat="45.937830000000005" lon="12.273330000000001">
    <ele>101.44</ele>
   </trkpt>
   <trkpt lat="45.937030000930875" lon="12.2735383483652">
    <ele>100.96000000000001</ele>
   </trkpt>
   <trkpt lat="45.936230001483146" lon="12.273746690718825">
    <ele>100.93</ele>
   </trkpt>
   <trkpt lat="45.935430001656826" lon="12.273955027061207">
    <ele>100.98000000000002</ele>
   </trkpt>
   <trkpt lat="45.934630001451964" lon="12.274163357392691">
    <ele>101.47</ele>
   </trkpt>
   <trkpt lat="45.93383000086857" lon="12.274371681713612">
    <ele>103.78000000000002</ele>
   </trkpt>
   <trkpt lat="45.93303" lon="12.27458">
    <ele>109.45</ele>
   </trkpt>
   <trkpt lat="45.932930000000006" lon="12.27458">
    <ele>110.4</ele>
   </trkpt>
   <trkpt lat="45.93285" lon="12.274540000000002">
    <ele>112.88000000000001</ele>
   </trkpt>
   <trkpt lat="45.93278" lon="12.274460000000001">
    <ele>112.88000000000001</ele>
   </trkpt>
   <trkpt lat="45.93273000000001" lon="12.274370000000001">
    <ele>113.84</ele>
   </trkpt>
   <trkpt lat="45.932700000000004" lon="12.27425">
    <ele>113.84</ele>
   </trkpt>
   <trkpt lat="45.932700000000004" lon="12.27411">
    <ele>115.91000000000001</ele>
   </trkpt>
   <trkpt lat="45.93273000000001" lon="12.273980000000002">
    <ele>115.91000000000001</ele>
   </trkpt>
   <trkpt lat="45.932970000000005" lon="12.27336">
    <ele>121.00000000000001</ele>
   </trkpt>
   <trkpt lat="45.933040000000005" lon="12.273050000000001">
    <ele>122.58000000000001</ele>
   </trkpt>
   <trkpt lat="45.933040000000005" lon="12.272630000000001">
    <ele>124.80000000000001</ele>
   </trkpt>
   <trkpt lat="45.932950000000005" lon="12.27237">
    <ele>127.06</ele>
   </trkpt>
   <trkpt lat="45.932860000000005" lon="12.272200000000002">
    <ele>127.06</ele>
   </trkpt>
   <trkpt lat="45.932680000000005" lon="12.272020000000001">
    <ele>129.09</ele>
   </trkpt>
   <trkpt lat="45.9326" lon="12.271980000000001">
    <ele>130.38000000000002</ele>
   </trkpt>
   <trkpt lat="45.932430000000004" lon="12.27194">
    <ele>132.72</ele>
   </trkpt>
   <trkpt lat="45.931960000000004" lon="12.271910000000002">
    <ele>138.65000000000003</ele>
   </trkpt>
   <trkpt lat="45.93171" lon="12.271790000000001">
    <ele>143.22</ele>
   </trkpt>
   <trkpt lat="45.93151" lon="12.271550000000001">
    <ele>143.22</ele>
   </trkpt>
   <trkpt lat="45.931360000000005" lon="12.271210000000002">
    <ele>143.22</ele>
   </trkpt>
   <trkpt lat="45.93097000521575" lon="12.270114992263197">
    <ele>158.83</ele>
   </trkpt>
   <trkpt lat="45.930580000000006" lon="12.269020000000001">
    <ele>167.91</ele>
   </trkpt>
   <trkpt lat="45.930460000000004" lon="12.268860000000002">
    <ele>167.64000000000001</ele>
   </trkpt>
   <trkpt lat="45.93014" lon="12.26866">
    <ele>167.70000000000002</ele>
   </trkpt>
   <trkpt lat="45.930150000000005" lon="12.26867">
    <ele>167.70000000000002</ele>
   </trkpt>
   <trkpt lat="45.93009000000001" lon="12.268650000000001">
    <ele>167.73000000000002</ele>
   </trkpt>
   <trkpt lat="45.92996" lon="12.268640000000001">
    <ele>167.67000000000002</ele>
   </trkpt>
   <trkpt lat="45.9299" lon="12.26866">
    <ele>167.67000000000002</ele>
   </trkpt>
   <trkpt lat="45.92949500046826" lon="12.268945002000752">
    <ele>166.9</ele>
   </trkpt>
   <trkpt lat="45.92909" lon="12.26923">
    <ele>166.31</ele>
   </trkpt>
   <trkpt lat="45.928490000000004" lon="12.269630000000001">
    <ele>165.51000000000002</ele>
   </trkpt>
   <trkpt lat="45.92826" lon="12.269850000000002">
    <ele>165.4</ele>
   </trkpt>
   <trkpt lat="45.92764000342891" lon="12.27075001020978">
    <ele>165.22</ele>
   </trkpt>
   <trkpt lat="45.927020000000006" lon="12.271650000000001">
    <ele>164.97</ele>
   </trkpt>
   <trkpt lat="45.926880000000004" lon="12.271840000000001">
    <ele>165.0</ele>
   </trkpt>
   <trkpt lat="45.92611" lon="12.272490000000001">
    <ele>163.75</ele>
   </trkpt>
   <trkpt lat="45.92573" lon="12.272870000000001">
    <ele>160.43</ele>
   </trkpt>
   <trkpt lat="45.925140000000006" lon="12.27341">
    <ele>157.26000000000002</ele>
   </trkpt>
   <trkpt lat="45.92484" lon="12.273750000000001">
    <ele>155.31</ele>
   </trkpt>
   <trkpt lat="45.924380000000006" lon="12.27433">
    <ele>152.29</ele>
   </trkpt>
   <trkpt lat="45.92409000000001" lon="12.27466">
    <ele>151.17</ele>
   </trkpt>
   <trkpt lat="45.92341500203244" lon="12.275335008167275">
    <ele>148.11</ele>
   </trkpt>
   <trkpt lat="45.922740000000005" lon="12.276010000000001">
    <ele>145.83</ele>
   </trkpt>
   <trkpt lat="45.92249" lon="12.276200000000001">
    <ele>145.98</ele>
   </trkpt>
   <trkpt lat="45.922200000000004" lon="12.27636">
    <ele>146.63</ele>
   </trkpt>
   <trkpt lat="45.92161" lon="12.276610000000002">
    <ele>146.82</ele>
   </trkpt>
   <trkpt lat="45.920750000000005" lon="12.27682">
    <ele>142.20000000000002</ele>
   </trkpt>
   <trkpt lat="45.92047" lon="12.276950000000001">
    <ele>139.22</ele>
   </trkpt>
   <trkpt lat="45.91990500069833" lon="12.277355004136284">
    <ele>134.97</ele>
   </trkpt>
   <trkpt lat="45.919340000000005" lon="12.27776">
    <ele>130.39000000000001</ele>
   </trkpt>
   <trkpt lat="45.91913" lon="12.277870000000002">
    <ele>130.39000000000001</ele>
   </trkpt>
   <trkpt lat="45.918960000000006" lon="12.277930000000001">
    <ele>128.17000000000002</ele>
   </trkpt>
   <trkpt lat="45.91848499993233" lon="12.277980000436296">
    <ele>125.71000000000001</ele>
   </trkpt>
   <trkpt lat="45.91801" lon="12.278030000000001">
    <ele>123.81</ele>
   </trkpt>
   <trkpt lat="45.917880000000004" lon="12.27809">
    <ele>123.57000000000001</ele>
   </trkpt>
   <trkpt lat="45.91722500093219" lon="12.27853500520615">
    <ele>122.15</ele>
   </trkpt>
   <trkpt lat="45.91657000000001" lon="12.27898">
    <ele>120.52000000000001</ele>
   </trkpt>
   <trkpt lat="45.91621000000001" lon="12.27926">
    <ele>119.12</ele>
   </trkpt>
   <trkpt lat="45.916000000000004" lon="12.279380000000002">
    <ele>118.38000000000001</ele>
   </trkpt>
   <trkpt lat="45.91586" lon="12.27941">
    <ele>117.20000000000002</ele>
   </trkpt>
   <trkpt lat="45.915110000000006" lon="12.27932">
    <ele>114.71000000000001</ele>
   </trkpt>
   <trkpt lat="45.914880000000004" lon="12.27935">
    <ele>114.65000000000002</ele>
   </trkpt>
   <trkpt lat="45.914500000000004" lon="12.279440000000001">
    <ele>114.19000000000001</ele>
   </trkpt>
   <trkpt lat="45.91433000000001" lon="12.27951">
    <ele>114.08000000000001</ele>
   </trkpt>
   <trkpt lat="45.913880000000006" lon="12.279760000000001">
    <ele>112.76</ele>
   </trkpt>
   <trkpt lat="45.91353" lon="12.27987">
    <ele>110.15</ele>
   </trkpt>
   <trkpt lat="45.913380000000004" lon="12.279890000000002">
    <ele>108.83000000000001</ele>
   </trkpt>
   <trkpt lat="45.912650000000006" lon="12.279860000000001">
    <ele>99.86</ele>
   </trkpt>
   <trkpt lat="45.912380000000006" lon="12.279890000000002">
    <ele>98.26</ele>
   </trkpt>
   <trkpt lat="45.91191499998986" lon="12.279995000892875">
    <ele>94.38000000000001</ele>
   </trkpt>
   <trkpt lat="45.91145" lon="12.280100000000001">
    <ele>92.61000000000001</ele>
   </trkpt>
   <trkpt lat="45.91129" lon="12.280170000000002">
    <ele>91.77</ele>
   </trkpt>
   <trkpt lat="45.91122000000001" lon="12.280230000000001">
    <ele>91.77</ele>
   </trkpt>
   <trkpt lat="45.91062" lon="12.281030000000001">
    <ele>88.26</ele>
   </trkpt>
   <trkpt lat="45.91031" lon="12.28138">
    <ele>85.98</ele>
   </trkpt>
   <trkpt lat="45.90983000000001" lon="12.28203">
    <ele>83.56</ele>
   </trkpt>
   <trkpt lat="45.90934" lon="12.28279">
    <ele>79.62</ele>
   </trkpt>
   <trkpt lat="45.909110000000005" lon="12.283040000000002">
    <ele>78.7</ele>
   </trkpt>
   <trkpt lat="45.90899" lon="12.283130000000002">
    <ele>78.41000000000001</ele>
   </trkpt>
   <trkpt lat="45.908570000000005" lon="12.2833">
    <ele>77.75</ele>
   </trkpt>
   <trkpt lat="45.908440000000006" lon="12.283320000000002">
    <ele>77.72000000000001</ele>
   </trkpt>
   <trkpt lat="45.90827" lon="12.2833">
    <ele>77.79</ele>
   </trkpt>
   <trkpt lat="45.9078" lon="12.28292">
    <ele>77.96</ele>
   </trkpt>
   <trkpt lat="45.90766000000001" lon="12.28288">
    <ele>78.06</ele>
   </trkpt>
   <trkpt lat="45.9076" lon="12.282900000000001">
    <ele>78.06</ele>
   </trkpt>
   <trkpt lat="45.907540000000004" lon="12.282950000000001">
    <ele>78.06</ele>
   </trkpt>
   <trkpt lat="45.90749" lon="12.283040000000002">
    <ele>78.07</ele>
   </trkpt>
   <trkpt lat="45.90724" lon="12.283790000000002">
    <ele>77.68</ele>
   </trkpt>
   <trkpt lat="45.907160000000005" lon="12.28396">
    <ele>77.59</ele>
   </trkpt>
   <trkpt lat="45.90691" lon="12.28433">
    <ele>76.98</ele>
   </trkpt>
   <trkpt lat="45.906600000000005" lon="12.284580000000002">
    <ele>76.76</ele>
   </trkpt>
   <trkpt lat="45.90645000000001" lon="12.284650000000001">
    <ele>76.65</ele>
   </trkpt>
   <trkpt lat="45.906220000000005" lon="12.284730000000001">
    <ele>76.74</ele>
   </trkpt>
   <trkpt lat="45.906020000000005" lon="12.284770000000002">
    <ele>77.18</ele>
   </trkpt>
   <trkpt lat="45.90592" lon="12.284770000000002">
    <ele>77.18</ele>
   </trkpt>
   <trkpt lat="45.905800000000006" lon="12.284740000000001">
    <ele>77.30000000000001</ele>
   </trkpt>
   <trkpt lat="45.905750000000005" lon="12.28439">
    <ele>77.05000000000001</ele>
   </trkpt>
   <trkpt lat="45.905660000000005" lon="12.28406">
    <ele>76.45</ele>
   </trkpt>
   <trkpt lat="45.905170000000005" lon="12.28349">
    <ele>75.86000000000001</ele>
   </trkpt>
   <trkpt lat="45.904970000000006" lon="12.283230000000001">
    <ele>75.71</ele>
   </trkpt>
   <trkpt lat="45.90491" lon="12.28292">
    <ele>75.94000000000001</ele>
   </trkpt>
   <trkpt lat="45.90547668132653" lon="12.282100041855726">
    <ele>76.50000000000001</ele>
   </trkpt>
   <trkpt lat="45.90604335678868" lon="12.28128006697092">
    <ele>77.26</ele>
   </trkpt>
   <trkpt lat="45.906610026386204" lon="12.280460075345085">
    <ele>77.97000000000001</ele>
   </trkpt>
   <trkpt lat="45.90717669011886" lon="12.279640066977718">
    <ele>78.67</ele>
   </trkpt>
   <trkpt lat="45.90774334798644" lon="12.278820041868324">
    <ele>79.42999999999999</ele>
   </trkpt>
   <trkpt lat="45.90831000000001" lon="12.278">
    <ele>80.34</ele>
   </trkpt>
   <trkpt lat="45.908873339276724" lon="12.277176683333764">
    <ele>81.30000000000001</ele>
   </trkpt>
   <trkpt lat="45.90943667264093" lon="12.276353349955578">
    <ele>82.26</ele>
   </trkpt>
   <trkpt lat="45.910000000000004" lon="12.275530000000002">
    <ele>83.08</ele>
   </trkpt>
   <trkpt lat="45.91046" lon="12.274930000000001">
    <ele>83.59</ele>
   </trkpt>
   <trkpt lat="45.910630000000005" lon="12.27467">
    <ele>83.66000000000001</ele>
   </trkpt>
   <trkpt lat="45.910680000000006" lon="12.27466">
    <ele>83.66000000000001</ele>
   </trkpt>
   <trkpt lat="45.91073" lon="12.27457">
    <ele>83.89</ele>
   </trkpt>
   <trkpt lat="45.91113000095444" lon="12.274140002939829">
    <ele>84.30000000000001</ele>
   </trkpt>
   <trkpt lat="45.911530000000006" lon="12.273710000000001">
    <ele>84.62</ele>
   </trkpt>
   <trkpt lat="45.91224500227005" lon="12.272985009362712">
    <ele>85.10000000000001</ele>
   </trkpt>
   <trkpt lat="45.912960000000005" lon="12.272260000000001">
    <ele>85.73</ele>
   </trkpt>
   <trkpt lat="45.913450002289125" lon="12.271750008984544">
    <ele>86.07000000000001</ele>
   </trkpt>
   <trkpt lat="45.91394000230963" lon="12.27124000896332">
    <ele>86.55</ele>
   </trkpt>
   <trkpt lat="45.91443" lon="12.27073">
    <ele>87.07000000000001</ele>
   </trkpt>
   <trkpt lat="45.914997504315195" lon="12.270155017650996">
    <ele>87.96000000000001</ele>
   </trkpt>
   <trkpt lat="45.915565005746714" lon="12.269580023541979">
    <ele>88.48</ele>
   </trkpt>
   <trkpt lat="45.91613250429446" lon="12.269005017672528">
    <ele>88.92000000000002</ele>
   </trkpt>
   <trkpt lat="45.916700000000006" lon="12.26843">
    <ele>89.87</ele>
   </trkpt>
   <trkpt lat="45.91737429852884" lon="12.26773005104442">
    <ele>90.74</ele>
   </trkpt>
   <trkpt lat="45.918048592784324" lon="12.267030085077467">
    <ele>91.43</ele>
   </trkpt>
   <trkpt lat="45.91872288276625" lon="12.266330102098431">
    <ele>92.66000000000001</ele>
   </trkpt>
   <trkpt lat="45.91939716847441" lon="12.265630102106611">
    <ele>93.38000000000001</ele>
   </trkpt>
   <trkpt lat="45.920071449908654" lon="12.2649300851013">
    <ele>93.97000000000001</ele>
   </trkpt>
   <trkpt lat="45.92074572706869" lon="12.264230051081789">
    <ele>95.0</ele>
   </trkpt>
   <trkpt lat="45.921420000000005" lon="12.263530000000001">
    <ele>96.38000000000001</ele>
   </trkpt>
   <trkpt lat="45.92208800801331" lon="12.262852032659">
    <ele>97.75</ele>
   </trkpt>
   <trkpt lat="45.92275601201748" lon="12.262174048991886">
    <ele>98.29</ele>
   </trkpt>
   <trkpt lat="45.923424012012326" lon="12.261496048997985">
    <ele>99.69000000000001</ele>
   </trkpt>
   <trkpt lat="45.92409200799766" lon="12.260818032676623">
    <ele>100.28</ele>
   </trkpt>
   <trkpt lat="45.924760000000006" lon="12.260140000000002">
    <ele>101.19</ele>
   </trkpt>
   <trkpt lat="45.92544500227895" lon="12.259420008871519">
    <ele>102.21000000000001</ele>
   </trkpt>
   <trkpt lat="45.92613" lon="12.258700000000001">
    <ele>103.20000000000002</ele>
   </trkpt>
   <trkpt lat="45.926810006339196" lon="12.258002525677632">
    <ele>104.05</ele>
   </trkpt>
   <trkpt lat="45.92749000843525" lon="12.25730503425491">
    <ele>104.87</ele>
   </trkpt>
   <trkpt lat="45.928170006287964" lon="12.256607525731111">
    <ele>105.51</ele>
   </trkpt>
   <trkpt lat="45.928850000000004" lon="12.255910000000002">
    <ele>106.53000000000002</ele>
   </trkpt>
   <trkpt lat="45.929080000000006" lon="12.255630000000002">
    <ele>106.7</ele>
   </trkpt>
   <trkpt lat="45.92916" lon="12.25561">
    <ele>106.92000000000002</ele>
   </trkpt>
   <trkpt lat="45.9292" lon="12.25557">
    <ele>106.92000000000002</ele>
   </trkpt>
   <trkpt lat="45.929230000000004" lon="12.25548">
    <ele>106.92000000000002</ele>
   </trkpt>
   <trkpt lat="45.9296" lon="12.25515">
    <ele>108.00000000000001</ele>
   </trkpt>
   <trkpt lat="45.93028400839349" lon="12.254456034242676">
    <ele>108.86000000000001</ele>
   </trkpt>
   <trkpt lat="45.93096801258642" lon="12.253762051368804">
    <ele>109.80000000000001</ele>
   </trkpt>
   <trkpt lat="45.931652012578624" lon="12.253068051377657">
    <ele>110.94000000000001</ele>
   </trkpt>
   <trkpt lat="45.932336008369845" lon="12.252374034268511">
    <ele>112.02000000000001</ele>
   </trkpt>
   <trkpt lat="45.933020000000006" lon="12.25168">
    <ele>112.85000000000001</ele>
   </trkpt>
   <trkpt lat="45.93367333744374" lon="12.25099334951435">
    <ele>113.87</ele>
   </trkpt>
   <trkpt lat="45.93432667077506" lon="12.250306682850086">
    <ele>115.42</ele>
   </trkpt>
   <trkpt lat="45.93498" lon="12.24962">
    <ele>116.32000000000001</ele>
   </trkpt>
   <trkpt lat="45.93516" lon="12.249410000000001">
    <ele>117.04</ele>
   </trkpt>
   <trkpt lat="45.93572250832231" lon="12.24861252426634">
    <ele>117.69</ele>
   </trkpt>
   <trkpt lat="45.936285011097596" lon="12.247815032353973">
    <ele>118.46000000000001</ele>
   </trkpt>
   <trkpt lat="45.93684750832564" lon="12.247017524262407">
    <ele>119.5</ele>
   </trkpt>
   <trkpt lat="45.93741000000001" lon="12.246220000000001">
    <ele>121.20000000000002</ele>
   </trkpt>
   <trkpt lat="45.937830000000005" lon="12.245730000000002">
    <ele>121.9</ele>
   </trkpt>
   <trkpt lat="45.93809" lon="12.245470000000001">
    <ele>122.25000000000001</ele>
   </trkpt>
   <trkpt lat="45.938570000786" lon="12.24503500380117">
    <ele>122.53000000000002</ele>
   </trkpt>
   <trkpt lat="45.93905" lon="12.2446">
    <ele>123.44000000000001</ele>
   </trkpt>
   <trkpt lat="45.93971000299572" lon="12.244010014082118">
    <ele>124.11000000000001</ele>
   </trkpt>
   <trkpt lat="45.94037000295541" lon="12.243420014118405">
    <ele>125.31</ele>
   </trkpt>
   <trkpt lat="45.941030000000005" lon="12.242830000000001">
    <ele>126.55000000000003</ele>
   </trkpt>
   <trkpt lat="45.94124" lon="12.24276">
    <ele>126.96000000000001</ele>
   </trkpt>
   <trkpt lat="45.941300000000005" lon="12.24277">
    <ele>127.03</ele>
   </trkpt>
   <trkpt lat="45.94133" lon="12.242750000000001">
    <ele>127.03</ele>
   </trkpt>
   <trkpt lat="45.941370000000006" lon="12.242700000000001">
    <ele>127.17</ele>
   </trkpt>
   <trkpt lat="45.941390000000006" lon="12.24261">
    <ele>127.23</ele>
   </trkpt>
   <trkpt lat="45.94145" lon="12.24252">
    <ele>127.23</ele>
   </trkpt>
   <trkpt lat="45.94164000000001" lon="12.2423">
    <ele>127.96000000000002</ele>
   </trkpt>
   <trkpt lat="45.94234500163482" lon="12.241695007660145">
    <ele>129.09</ele>
   </trkpt>
   <trkpt lat="45.94305000000001" lon="12.241090000000002">
    <ele>130.46</ele>
   </trkpt>
   <trkpt lat="45.94347500034943" lon="12.240795002282367">
    <ele>131.18</ele>
   </trkpt>
   <trkpt lat="45.943900000000006" lon="12.2405">
    <ele>131.18</ele>
   </trkpt>
   <trkpt lat="45.944430000000004" lon="12.24022">
    <ele>132.38</ele>
   </trkpt>
   <trkpt lat="45.94528500068082" lon="12.239835005922464">
    <ele>133.67000000000002</ele>
   </trkpt>
   <trkpt lat="45.94614000000001" lon="12.239450000000001">
    <ele>135.03</ele>
   </trkpt>
   <trkpt lat="45.94662" lon="12.2392">
    <ele>135.70000000000002</ele>
   </trkpt>
   <trkpt lat="45.947120000000005" lon="12.238830000000002">
    <ele>137.72</ele>
   </trkpt>
   <trkpt lat="45.94770000318321" lon="12.238335015557428">
    <ele>139.66</ele>
   </trkpt>
   <trkpt lat="45.94828000422943" lon="12.237840020756218">
    <ele>141.36</ele>
   </trkpt>
   <trkpt lat="45.94886000313857" lon="12.237345015595984">
    <ele>142.57</ele>
   </trkpt>
   <trkpt lat="45.94944" lon="12.23685">
    <ele>145.63</ele>
   </trkpt>
   <trkpt lat="45.949560000000005" lon="12.236730000000001">
    <ele>145.63</ele>
   </trkpt>
   <trkpt lat="45.950310000840254" lon="12.23629000595624">
    <ele>148.28000000000003</ele>
   </trkpt>
   <trkpt lat="45.951060000000005" lon="12.235850000000001">
    <ele>150.26</ele>
   </trkpt>
   <trkpt lat="45.95120000000001" lon="12.23572">
    <ele>150.66000000000003</ele>
   </trkpt>
   <trkpt lat="45.95139" lon="12.23548">
    <ele>151.23</ele>
   </trkpt>
   <trkpt lat="45.95167000000001" lon="12.234990000000002">
    <ele>152.51</ele>
   </trkpt>
   <trkpt lat="45.95194" lon="12.234660000000002">
    <ele>153.43</ele>
   </trkpt>
   <trkpt lat="45.952670000000005" lon="12.234020000000001">
    <ele>155.95</ele>
   </trkpt>
   <trkpt lat="45.952940000000005" lon="12.233770000000002">
    <ele>157.24</ele>
   </trkpt>
   <trkpt lat="45.95365" lon="12.233200000000002">
    <ele>158.4</ele>
   </trkpt>
   <trkpt lat="45.954070000721" lon="12.232830002694888">
    <ele>158.88000000000002</ele>
   </trkpt>
   <trkpt lat="45.95449000000001" lon="12.232460000000001">
    <ele>159.35000000000002</ele>
   </trkpt>
   <trkpt lat="45.954930001150906" lon="12.231935004229332">
    <ele>159.87</ele>
   </trkpt>
   <trkpt lat="45.95537" lon="12.23141">
    <ele>160.25</ele>
   </trkpt>
   <trkpt lat="45.95599000000001" lon="12.230620000000002">
    <ele>162.01000000000002</ele>
   </trkpt>
   <trkpt lat="45.95619000000001" lon="12.230400000000001">
    <ele>162.17000000000002</ele>
   </trkpt>
   <trkpt lat="45.956540001022255" lon="12.229930002889434">
    <ele>163.09</ele>
   </trkpt>
   <trkpt lat="45.95689" lon="12.229460000000001">
    <ele>164.59</ele>
   </trkpt>
   <trkpt lat="45.95742500397475" lon="12.22852000886219">
    <ele>166.19</ele>
   </trkpt>
   <trkpt lat="45.95796000000001" lon="12.227580000000001">
    <ele>167.75</ele>
   </trkpt>
   <trkpt lat="45.95816000000001" lon="12.227290000000002">
    <ele>167.91</ele>
   </trkpt>
   <trkpt lat="45.95837" lon="12.227070000000001">
    <ele>168.5</ele>
   </trkpt>
   <trkpt lat="45.95875" lon="12.226750000000001">
    <ele>169.96000000000004</ele>
   </trkpt>
   <trkpt lat="45.95925000064452" lon="12.226365003475625">
    <ele>171.71</ele>
   </trkpt>
   <trkpt lat="45.95975000000001" lon="12.225980000000002">
    <ele>175.03</ele>
   </trkpt>
   <trkpt lat="45.95994" lon="12.22586">
    <ele>177.77</ele>
   </trkpt>
   <trkpt lat="45.96014" lon="12.225800000000001">
    <ele>177.77</ele>
   </trkpt>
   <trkpt lat="45.96034" lon="12.22577">
    <ele>179.34000000000003</ele>
   </trkpt>
   <trkpt lat="45.96105000002092" lon="12.225765000063928">
    <ele>182.79</ele>
   </trkpt>
   <trkpt lat="45.961760000000005" lon="12.225760000000001">
    <ele>188.3</ele>
   </trkpt>
   <trkpt lat="45.96249750000413" lon="12.225767499700519">
    <ele>193.03</ele>
   </trkpt>
   <trkpt lat="45.963235000007785" lon="12.225774999600711">
    <ele>196.99</ele>
   </trkpt>
   <trkpt lat="45.96397250001094" lon="12.225782499700578">
    <ele>202.04000000000002</ele>
   </trkpt>
   <trkpt lat="45.964710000000004" lon="12.225790000000002">
    <ele>207.65000000000003</ele>
   </trkpt>
   <trkpt lat="45.96499" lon="12.22583">
    <ele>209.28000000000003</ele>
   </trkpt>
   <trkpt lat="45.964980000000004" lon="12.22583">
    <ele>209.28000000000003</ele>
   </trkpt>
   <trkpt lat="45.965070000000004" lon="12.22587">
    <ele>209.74</ele>
   </trkpt>
   <trkpt lat="45.965140000000005" lon="12.225950000000001">
    <ele>210.41</ele>
   </trkpt>
   <trkpt lat="45.965210000000006" lon="12.22616">
    <ele>211.35</ele>
   </trkpt>
   <trkpt lat="45.965210000000006" lon="12.22639">
    <ele>212.45000000000002</ele>
   </trkpt>
   <trkpt lat="45.965180000000004" lon="12.22653">
    <ele>212.93</ele>
   </trkpt>
   <trkpt lat="45.964960000000005" lon="12.227100000000002">
    <ele>215.9</ele>
   </trkpt>
   <trkpt lat="45.96491" lon="12.227340000000002">
    <ele>215.9</ele>
   </trkpt>
   <trkpt lat="45.96491" lon="12.227760000000002">
    <ele>219.83</ele>
   </trkpt>
   <trkpt lat="45.964960000000005" lon="12.228040000000002">
    <ele>219.83</ele>
   </trkpt>
   <trkpt lat="45.96504" lon="12.228280000000002">
    <ele>219.83</ele>
   </trkpt>
   <trkpt lat="45.965230000000005" lon="12.228670000000001">
    <ele>222.24</ele>
   </trkpt>
   <trkpt lat="45.96544" lon="12.229030000000002">
    <ele>223.72000000000003</ele>
   </trkpt>
   <trkpt lat="45.96573" lon="12.22943">
    <ele>225.49</ele>
   </trkpt>
   <trkpt lat="45.96602" lon="12.229700000000001">
    <ele>228.18</ele>
   </trkpt>
   <trkpt lat="45.966280000000005" lon="12.229870000000002">
    <ele>229.14000000000001</ele>
   </trkpt>
   <trkpt lat="45.966770000000004" lon="12.230020000000001">
    <ele>230.54000000000002</ele>
   </trkpt>
   <trkpt lat="45.96717" lon="12.230060000000002">
    <ele>233.03</ele>
   </trkpt>
   <trkpt lat="45.96746" lon="12.230030000000001">
    <ele>234.37</ele>
   </trkpt>
   <trkpt lat="45.96801000000001" lon="12.2299">
    <ele>237.21000000000004</ele>
   </trkpt>
   <trkpt lat="45.968160000000005" lon="12.229940000000001">
    <ele>237.65000000000003</ele>
   </trkpt>
   <trkpt lat="45.96829" lon="12.23013">
    <ele>238.63</ele>
   </trkpt>
   <trkpt lat="45.96835" lon="12.23033">
    <ele>239.90000000000003</ele>
   </trkpt>
   <trkpt lat="45.96846" lon="12.230770000000001">
    <ele>243.20000000000002</ele>
   </trkpt>
   <trkpt lat="45.968540000000004" lon="12.230920000000001">
    <ele>243.20000000000002</ele>
   </trkpt>
   <trkpt lat="45.96862" lon="12.231000000000002">
    <ele>244.78000000000003</ele>
   </trkpt>
   <trkpt lat="45.96878" lon="12.231090000000002">
    <ele>244.78000000000003</ele>
   </trkpt>
   <trkpt lat="45.969060000000006" lon="12.231160000000001">
    <ele>246.62000000000003</ele>
   </trkpt>
   <trkpt lat="45.969190000000005" lon="12.231240000000001">
    <ele>248.72000000000003</ele>
   </trkpt>
   <trkpt lat="45.96933000000001" lon="12.23141">
    <ele>248.72000000000003</ele>
   </trkpt>
   <trkpt lat="45.96936" lon="12.231520000000002">
    <ele>248.72000000000003</ele>
   </trkpt>
   <trkpt lat="45.969370000000005" lon="12.23165">
    <ele>252.23000000000002</ele>
   </trkpt>
   <trkpt lat="45.96931000000001" lon="12.23207">
    <ele>252.70000000000002</ele>
   </trkpt>
   <trkpt lat="45.96934" lon="12.232220000000002">
    <ele>253.15000000000003</ele>
   </trkpt>
   <trkpt lat="45.96949" lon="12.23248">
    <ele>254.16</ele>
   </trkpt>
   <trkpt lat="45.96996500121144" lon="12.233004995508153">
    <ele>256.97</ele>
   </trkpt>
   <trkpt lat="45.97044" lon="12.233530000000002">
    <ele>258.49</ele>
   </trkpt>
   <trkpt lat="45.970600000000005" lon="12.233680000000001">
    <ele>259.44</ele>
   </trkpt>
   <trkpt lat="45.97075" lon="12.233780000000001">
    <ele>260.87000000000006</ele>
   </trkpt>
   <trkpt lat="45.97108" lon="12.2339">
    <ele>260.87000000000006</ele>
   </trkpt>
   <trkpt lat="45.97142" lon="12.23394">
    <ele>263.55</ele>
   </trkpt>
   <trkpt lat="45.971630000000005" lon="12.233880000000001">
    <ele>265.53000000000003</ele>
   </trkpt>
   <trkpt lat="45.97178" lon="12.2338">
    <ele>265.53000000000003</ele>
   </trkpt>
   <trkpt lat="45.972030000000004" lon="12.23362">
    <ele>266.42</ele>
   </trkpt>
   <trkpt lat="45.97229" lon="12.233260000000001">
    <ele>266.49</ele>
   </trkpt>
   <trkpt lat="45.972655001522455" lon="12.232675003807245">
    <ele>266.35</ele>
   </trkpt>
   <trkpt lat="45.973020000000005" lon="12.232090000000001">
    <ele>267.09000000000003</ele>
   </trkpt>
   <trkpt lat="45.973380000000006" lon="12.23169">
    <ele>267.69000000000005</ele>
   </trkpt>
   <trkpt lat="45.973650000000006" lon="12.231430000000001">
    <ele>268.15</ele>
   </trkpt>
   <trkpt lat="45.97383000000001" lon="12.231300000000001">
    <ele>268.23</ele>
   </trkpt>
   <trkpt lat="45.97408" lon="12.23118">
    <ele>268.85</ele>
   </trkpt>
   <trkpt lat="45.974250000000005" lon="12.23113">
    <ele>269.31000000000006</ele>
   </trkpt>
   <trkpt lat="45.97446" lon="12.231110000000001">
    <ele>269.65</ele>
   </trkpt>
   <trkpt lat="45.97495000000277" lon="12.23109500013267">
    <ele>270.6</ele>
   </trkpt>
   <trkpt lat="45.975440000000006" lon="12.23108">
    <ele>272.2</ele>
   </trkpt>
   <trkpt lat="45.97604333328463" lon="12.23099666849763">
    <ele>273.34000000000003</ele>
   </trkpt>
   <trkpt lat="45.976646666508685" lon="12.230913335179416">
    <ele>274.62</ele>
   </trkpt>
   <trkpt lat="45.977250000000005" lon="12.230830000000001">
    <ele>275.89000000000004</ele>
   </trkpt>
   <trkpt lat="45.97793500002959" lon="12.230745001051751">
    <ele>276.83000000000004</ele>
   </trkpt>
   <trkpt lat="45.97862000000001" lon="12.23066">
    <ele>278.24</ele>
   </trkpt>
   <trkpt lat="45.978840000000005" lon="12.230580000000002">
    <ele>278.35</ele>
   </trkpt>
   <trkpt lat="45.979130000000005" lon="12.230390000000002">
    <ele>278.36</ele>
   </trkpt>
   <trkpt lat="45.979780000000005" lon="12.229730000000002">
    <ele>274.66</ele>
   </trkpt>
   <trkpt lat="45.979960000000005" lon="12.229940000000001">
    <ele>274.96000000000004</ele>
   </trkpt>
   <trkpt lat="45.98031" lon="12.23046">
    <ele>271.90000000000003</ele>
   </trkpt>
   <trkpt lat="45.98082" lon="12.231290000000001">
    <ele>267.57000000000005</ele>
   </trkpt>
   <trkpt lat="45.98093" lon="12.231440000000001">
    <ele>265.64000000000004</ele>
   </trkpt>
   <trkpt lat="45.98106000000001" lon="12.231570000000001">
    <ele>264.74</ele>
   </trkpt>
   <trkpt lat="45.981390000000005" lon="12.23168">
    <ele>262.48</ele>
   </trkpt>
   <trkpt lat="45.981640000000006" lon="12.23182">
    <ele>260.36</ele>
   </trkpt>
   <trkpt lat="45.981860000000005" lon="12.232050000000001">
    <ele>257.78000000000003</ele>
   </trkpt>
   <trkpt lat="45.9825" lon="12.23291">
    <ele>252.59000000000003</ele>
   </trkpt>
   <trkpt lat="45.982960000000006" lon="12.233270000000001">
    <ele>248.8</ele>
   </trkpt>
   <trkpt lat="45.98319" lon="12.233550000000001">
    <ele>246.05</ele>
   </trkpt>
   <trkpt lat="45.98351" lon="12.23399">
    <ele>243.46</ele>
   </trkpt>
   <trkpt lat="45.984115003355726" lon="12.234869990352152">
    <ele>240.26000000000002</ele>
   </trkpt>
   <trkpt lat="45.98472" lon="12.235750000000001">
    <ele>239.1</ele>
   </trkpt>
   <trkpt lat="45.98516667190435" lon="12.23652665409306">
    <ele>239.05</ele>
   </trkpt>
   <trkpt lat="45.98561333854789" lon="12.237303320719331">
    <ele>239.85</ele>
   </trkpt>
   <trkpt lat="45.98606" lon="12.238080000000002">
    <ele>242.57</ele>
   </trkpt>
   <trkpt lat="45.98632500154755" lon="12.238664997321353">
    <ele>244.81000000000003</ele>
   </trkpt>
   <trkpt lat="45.98659000000001" lon="12.23925">
    <ele>243.82</ele>
   </trkpt>
   <trkpt lat="45.98687" lon="12.23976">
    <ele>240.39000000000001</ele>
   </trkpt>
   <trkpt lat="45.987230000000004" lon="12.240290000000002">
    <ele>237.24</ele>
   </trkpt>
   <trkpt lat="45.98758" lon="12.240620000000002">
    <ele>235.83</ele>
   </trkpt>
   <trkpt lat="45.98785" lon="12.2408">
    <ele>234.73000000000002</ele>
   </trkpt>
   <trkpt lat="45.988060000000004" lon="12.241060000000001">
    <ele>233.78</ele>
   </trkpt>
   <trkpt lat="45.988350000000004" lon="12.241530000000001">
    <ele>233.19</ele>
   </trkpt>
   <trkpt lat="45.9889" lon="12.242510000000001">
    <ele>231.77000000000004</ele>
   </trkpt>
   <trkpt lat="45.98922000119174" lon="12.243044996812673">
    <ele>230.82000000000002</ele>
   </trkpt>
   <trkpt lat="45.989540000000005" lon="12.243580000000001">
    <ele>230.39000000000001</ele>
   </trkpt>
   <trkpt lat="45.98996" lon="12.24417">
    <ele>230.27000000000004</ele>
   </trkpt>
   <trkpt lat="45.99046000190114" lon="12.24482999403989">
    <ele>229.84</ele>
   </trkpt>
   <trkpt lat="45.99096" lon="12.24549">
    <ele>229.75</ele>
   </trkpt>
   <trkpt lat="45.99136" lon="12.245940000000001">
    <ele>229.81</ele>
   </trkpt>
   <trkpt lat="45.991960000000006" lon="12.24643">
    <ele>229.91000000000003</ele>
   </trkpt>
   <trkpt lat="45.992340000000006" lon="12.24671">
    <ele>229.82000000000002</ele>
   </trkpt>
   <trkpt lat="45.99259000000001" lon="12.24684">
    <ele>229.64000000000001</ele>
   </trkpt>
   <trkpt lat="45.99271" lon="12.24688">
    <ele>229.64000000000001</ele>
   </trkpt>
   <trkpt lat="45.99287" lon="12.246870000000001">
    <ele>229.64000000000001</ele>
   </trkpt>
   <trkpt lat="45.99346000016992" lon="12.246605002886364">
    <ele>229.24</ele>
   </trkpt>
   <trkpt lat="45.99405" lon="12.246340000000002">
    <ele>229.18</ele>
   </trkpt>
   <trkpt lat="45.99465000000001" lon="12.246020000000001">
    <ele>228.91000000000003</ele>
   </trkpt>
   <trkpt lat="45.9951" lon="12.245700000000001">
    <ele>228.81</ele>
   </trkpt>
   <trkpt lat="45.99546500064867" lon="12.245310002587932">
    <ele>229.03</ele>
   </trkpt>
   <trkpt lat="45.995830000000005" lon="12.24492">
    <ele>229.4</ele>
   </trkpt>
   <trkpt lat="45.99624" lon="12.24445">
    <ele>230.77000000000004</ele>
   </trkpt>
   <trkpt lat="45.99625" lon="12.24445">
    <ele>230.78</ele>
   </trkpt>
   <trkpt lat="45.996755003822045" lon="12.245394991240868">
    <ele>231.44</ele>
   </trkpt>
   <trkpt lat="45.997260000000004" lon="12.246340000000002">
    <ele>231.74000000000004</ele>
   </trkpt>
   <trkpt lat="45.997580000000006" lon="12.24698">
    <ele>232.36</ele>
   </trkpt>
   <trkpt lat="45.997690000000006" lon="12.24736">
    <ele>232.64000000000001</ele>
   </trkpt>
   <trkpt lat="45.99776000000001" lon="12.247900000000001">
    <ele>233.39000000000001</ele>
   </trkpt>
   <trkpt lat="45.99776000000001" lon="12.248360000000002">
    <ele>234.57000000000002</ele>
   </trkpt>
   <trkpt lat="45.99771000787373" lon="12.249310001665563">
    <ele>235.76000000000002</ele>
   </trkpt>
   <trkpt lat="45.99766000787641" lon="12.250260001614421">
    <ele>237.8</ele>
   </trkpt>
   <trkpt lat="45.99761" lon="12.25121">
    <ele>239.25</ele>
   </trkpt>
   <trkpt lat="45.99763" lon="12.25172">
    <ele>240.67000000000002</ele>
   </trkpt>
   <trkpt lat="45.997690000000006" lon="12.252070000000002">
    <ele>241.53000000000003</ele>
   </trkpt>
   <trkpt lat="45.99777" lon="12.252360000000001">
    <ele>241.94</ele>
   </trkpt>
   <trkpt lat="45.99785000000001" lon="12.25257">
    <ele>242.31000000000003</ele>
   </trkpt>
   <trkpt lat="45.99822" lon="12.25328">
    <ele>245.22000000000003</ele>
   </trkpt>
   <trkpt lat="45.998606670957884" lon="12.253983323461588">
    <ele>246.25000000000003</ele>
   </trkpt>
   <trkpt lat="45.99899333760158" lon="12.254686656753016">
    <ele>248.39000000000001</ele>
   </trkpt>
   <trkpt lat="45.99938" lon="12.25539">
    <ele>249.36</ele>
   </trkpt>
   <trkpt lat="45.99973000000001" lon="12.25628">
    <ele>249.46</ele>
   </trkpt>
   <trkpt lat="45.999860000000005" lon="12.25655">
    <ele>249.39000000000001</ele>
   </trkpt>
   <trkpt lat="46.000170000000004" lon="12.25697">
    <ele>248.68</ele>
   </trkpt>
   <trkpt lat="46.000420000000005" lon="12.25735">
    <ele>248.02</ele>
   </trkpt>
   <trkpt lat="46.00088" lon="12.25833">
    <ele>244.14000000000001</ele>
   </trkpt>
   <trkpt lat="46.001000000000005" lon="12.25866">
    <ele>243.59000000000003</ele>
   </trkpt>
   <trkpt lat="46.001070000000006" lon="12.25904">
    <ele>242.71</ele>
   </trkpt>
   <trkpt lat="46.0011" lon="12.25956">
    <ele>242.03000000000003</ele>
   </trkpt>
   <trkpt lat="46.00099000259962" lon="12.260335001678273">
    <ele>241.22</ele>
   </trkpt>
   <trkpt lat="46.00088" lon="12.26111">
    <ele>239.95000000000002</ele>
   </trkpt>
   <trkpt lat="46.00088" lon="12.261640000000002">
    <ele>238.77</ele>
   </trkpt>
   <trkpt lat="46.000930000000004" lon="12.26204">
    <ele>237.35000000000002</ele>
   </trkpt>
   <trkpt lat="46.00103000000001" lon="12.262440000000002">
    <ele>236.03</ele>
   </trkpt>
   <trkpt lat="46.00117" lon="12.262810000000002">
    <ele>234.53</ele>
   </trkpt>
   <trkpt lat="46.00133" lon="12.263150000000001">
    <ele>233.68000000000004</ele>
   </trkpt>
   <trkpt lat="46.001850004216344" lon="12.264129990842639">
    <ele>228.57000000000002</ele>
   </trkpt>
   <trkpt lat="46.002370000000006" lon="12.265110000000002">
    <ele>224.5</ele>
   </trkpt>
   <trkpt lat="46.00255000000001" lon="12.265440000000002">
    <ele>223.48000000000002</ele>
   </trkpt>
   <trkpt lat="46.00267" lon="12.26562">
    <ele>221.11</ele>
   </trkpt>
   <trkpt lat="46.0028" lon="12.26576">
    <ele>221.11</ele>
   </trkpt>
   <trkpt lat="46.00294" lon="12.265870000000001">
    <ele>219.85000000000002</ele>
   </trkpt>
   <trkpt lat="46.00314" lon="12.26595">
    <ele>219.49</ele>
   </trkpt>
   <trkpt lat="46.00327" lon="12.265960000000002">
    <ele>218.28000000000003</ele>
   </trkpt>
   <trkpt lat="46.00397" lon="12.265910000000002">
    <ele>214.65</ele>
   </trkpt>
   <trkpt lat="46.00408" lon="12.26593">
    <ele>214.65</ele>
   </trkpt>
   <trkpt lat="46.00423000000001" lon="12.266000000000002">
    <ele>212.95000000000002</ele>
   </trkpt>
   <trkpt lat="46.004340000000006" lon="12.26609">
    <ele>212.89000000000001</ele>
   </trkpt>
   <trkpt lat="46.00448" lon="12.26627">
    <ele>212.05</ele>
   </trkpt>
   <trkpt lat="46.004560000000005" lon="12.26641">
    <ele>212.05</ele>
   </trkpt>
   <trkpt lat="46.004845002231896" lon="12.267124996323048">
    <ele>207.28000000000003</ele>
   </trkpt>
   <trkpt lat="46.00513" lon="12.267840000000001">
    <ele>204.29000000000002</ele>
   </trkpt>
   <trkpt lat="46.00546000000001" lon="12.26867">
    <ele>201.68000000000004</ele>
   </trkpt>
   <trkpt lat="46.005660000000006" lon="12.269290000000002">
    <ele>198.99000000000004</ele>
   </trkpt>
   <trkpt lat="46.005720000000004" lon="12.2696">
    <ele>198.60000000000002</ele>
   </trkpt>
   <trkpt lat="46.00592" lon="12.27081">
    <ele>194.73000000000002</ele>
   </trkpt>
   <trkpt lat="46.006088019520845" lon="12.271867987124608">
    <ele>191.87</ele>
   </trkpt>
   <trkpt lat="46.006256029279605" lon="12.272925980675964">
    <ele>186.74</ele>
   </trkpt>
   <trkpt lat="46.006424029276154" lon="12.273983980653776">
    <ele>182.76</ele>
   </trkpt>
   <trkpt lat="46.00659201951038" lon="12.27504198705774">
    <ele>176.38</ele>
   </trkpt>
   <trkpt lat="46.00676000000001" lon="12.276100000000001">
    <ele>171.94</ele>
   </trkpt>
   <trkpt lat="46.00685000000001" lon="12.276710000000001">
    <ele>170.18000000000004</ele>
   </trkpt>
   <trkpt lat="46.006870000000006" lon="12.277220000000002">
    <ele>169.3</ele>
   </trkpt>
   <trkpt lat="46.006904021181015" lon="12.27832199725048">
    <ele>168.18</ele>
   </trkpt>
   <trkpt lat="46.00693803177092" lon="12.279423995856263">
    <ele>167.99</ele>
   </trkpt>
   <trkpt lat="46.006972031769735" lon="12.280525995816935">
    <ele>167.8</ele>
   </trkpt>
   <trkpt lat="46.00700602117738" lon="12.281627997132075">
    <ele>167.41</ele>
   </trkpt>
   <trkpt lat="46.00704" lon="12.28273">
    <ele>166.18</ele>
   </trkpt>
   <trkpt lat="46.00705000000001" lon="12.283270000000002">
    <ele>165.01000000000002</ele>
   </trkpt>
   <trkpt lat="46.00699" lon="12.28362">
    <ele>163.69</ele>
   </trkpt>
   <trkpt lat="46.006740003094244" lon="12.284460003737918">
    <ele>159.56</ele>
   </trkpt>
   <trkpt lat="46.00649000000001" lon="12.285300000000001">
    <ele>158.29000000000002</ele>
   </trkpt>
   <trkpt lat="46.00645" lon="12.285660000000002">
    <ele>157.49</ele>
   </trkpt>
   <trkpt lat="46.006460000000004" lon="12.28575">
    <ele>157.49</ele>
   </trkpt>
   <trkpt lat="46.00719499992482" lon="12.285864998451174">
    <ele>158.74</ele>
   </trkpt>
   <trkpt lat="46.00793" lon="12.28598">
    <ele>159.4</ele>
   </trkpt>
   <trkpt lat="46.008810000000004" lon="12.286140000000001">
    <ele>160.56</ele>
   </trkpt>
   <trkpt lat="46.009" lon="12.286180000000002">
    <ele>160.69</ele>
   </trkpt>
   <trkpt lat="46.009150000000005" lon="12.28626">
    <ele>160.66000000000003</ele>
   </trkpt>
   <trkpt lat="46.00925" lon="12.28639">
    <ele>160.53</ele>
   </trkpt>
   <trkpt lat="46.009310000000006" lon="12.28649">
    <ele>160.44</ele>
   </trkpt>
   <trkpt lat="46.009370000000004" lon="12.28682">
    <ele>160.72</ele>
   </trkpt>
   <trkpt lat="46.00939" lon="12.28687">
    <ele>160.72</ele>
   </trkpt>
   <trkpt lat="46.009460000000004" lon="12.286930000000002">
    <ele>160.72</ele>
   </trkpt>
   <trkpt lat="46.009510000000006" lon="12.2871">
    <ele>160.51000000000002</ele>
   </trkpt>
   <trkpt lat="46.009570000000004" lon="12.287180000000001">
    <ele>160.09</ele>
   </trkpt>
   <trkpt lat="46.00965" lon="12.287230000000001">
    <ele>160.09</ele>
   </trkpt>
   <trkpt lat="46.009800000000006" lon="12.28728">
    <ele>159.98000000000002</ele>
   </trkpt>
   <trkpt lat="46.00994" lon="12.287360000000001">
    <ele>159.98000000000002</ele>
   </trkpt>
   <trkpt lat="46.01005000000001" lon="12.287460000000001">
    <ele>159.98000000000002</ele>
   </trkpt>
   <trkpt lat="46.010480001577385" lon="12.288044995567704">
    <ele>159.85000000000002</ele>
   </trkpt>
   <trkpt lat="46.01091" lon="12.288630000000001">
    <ele>159.88000000000002</ele>
   </trkpt>
   <trkpt lat="46.01124" lon="12.28911">
    <ele>159.88000000000002</ele>
   </trkpt>
   <trkpt lat="46.01149" lon="12.289390000000001">
    <ele>160.93</ele>
   </trkpt>
   <trkpt lat="46.011700000000005" lon="12.289570000000001">
    <ele>162.81</ele>
   </trkpt>
   <trkpt lat="46.01185" lon="12.28964">
    <ele>162.81</ele>
   </trkpt>
   <trkpt lat="46.01245" lon="12.28977">
    <ele>165.98000000000002</ele>
   </trkpt>
   <trkpt lat="46.01279" lon="12.289900000000001">
    <ele>167.85000000000002</ele>
   </trkpt>
   <trkpt lat="46.01297" lon="12.290000000000001">
    <ele>168.59</ele>
   </trkpt>
   <trkpt lat="46.01328" lon="12.290220000000001">
    <ele>169.22</ele>
   </trkpt>
   <trkpt lat="46.01339" lon="12.290230000000001">
    <ele>169.54000000000002</ele>
   </trkpt>
   <trkpt lat="46.01355" lon="12.29016">
    <ele>169.68000000000004</ele>
   </trkpt>
   <trkpt lat="46.01362" lon="12.2901">
    <ele>169.54000000000002</ele>
   </trkpt>
   <trkpt lat="46.013780000000004" lon="12.289810000000001">
    <ele>168.68</ele>
   </trkpt>
   <trkpt lat="46.01397" lon="12.2893">
    <ele>166.61</ele>
   </trkpt>
   <trkpt lat="46.01402" lon="12.28921">
    <ele>166.20000000000002</ele>
   </trkpt>
   <trkpt lat="46.014120000000005" lon="12.28911">
    <ele>165.83</ele>
   </trkpt>
   <trkpt lat="46.014230000000005" lon="12.289040000000002">
    <ele>165.02</ele>
   </trkpt>
   <trkpt lat="46.014340000000004" lon="12.289000000000001">
    <ele>164.76000000000002</ele>
   </trkpt>
   <trkpt lat="46.01483" lon="12.288960000000001">
    <ele>163.94</ele>
   </trkpt>
   <trkpt lat="46.015420000000006" lon="12.28875">
    <ele>163.76000000000002</ele>
   </trkpt>
   <trkpt lat="46.015660000000004" lon="12.288730000000001">
    <ele>163.66</ele>
   </trkpt>
   <trkpt lat="46.01597" lon="12.28879">
    <ele>163.46</ele>
   </trkpt>
   <trkpt lat="46.016580000000005" lon="12.288770000000001">
    <ele>163.29000000000002</ele>
   </trkpt>
   <trkpt lat="46.01688" lon="12.288900000000002">
    <ele>163.25</ele>
   </trkpt>
   <trkpt lat="46.017140000000005" lon="12.28908">
    <ele>163.17000000000002</ele>
   </trkpt>
   <trkpt lat="46.017500000000005" lon="12.289430000000001">
    <ele>163.70000000000002</ele>
   </trkpt>
   <trkpt lat="46.018010000000004" lon="12.289840000000002">
    <ele>164.04000000000002</ele>
   </trkpt>
   <trkpt lat="46.018820000000005" lon="12.290360000000002">
    <ele>165.41</ele>
   </trkpt>
   <trkpt lat="46.01944333452672" lon="12.290726658411758">
    <ele>166.85000000000002</ele>
   </trkpt>
   <trkpt lat="46.02006666788097" lon="12.291093325090598">
    <ele>169.41</ele>
   </trkpt>
   <trkpt lat="46.02069" lon="12.29146">
    <ele>170.54000000000002</ele>
   </trkpt>
   <trkpt lat="46.02122000000001" lon="12.29185">
    <ele>169.43000000000004</ele>
   </trkpt>
   <trkpt lat="46.0215" lon="12.29221">
    <ele>167.74</ele>
   </trkpt>
   <trkpt lat="46.022070005854374" lon="12.293026649881591">
    <ele>165.99</ele>
   </trkpt>
   <trkpt lat="46.02264000589237" lon="12.293843316602414">
    <ele>165.04000000000002</ele>
   </trkpt>
   <trkpt lat="46.023210000000006" lon="12.29466">
    <ele>165.19</ele>
   </trkpt>
   <trkpt lat="46.023410000000005" lon="12.29485">
    <ele>165.29000000000002</ele>
   </trkpt>
   <trkpt lat="46.023590000000006" lon="12.294950000000002">
    <ele>165.3</ele>
   </trkpt>
   <trkpt lat="46.02389" lon="12.29508">
    <ele>165.12</ele>
   </trkpt>
   <trkpt lat="46.024" lon="12.295150000000001">
    <ele>165.12</ele>
   </trkpt>
   <trkpt lat="46.024390000000004" lon="12.29546">
    <ele>165.04000000000002</ele>
   </trkpt>
   <trkpt lat="46.02506" lon="12.29611">
    <ele>164.56</ele>
   </trkpt>
   <trkpt lat="46.025360000000006" lon="12.296470000000001">
    <ele>164.56</ele>
   </trkpt>
   <trkpt lat="46.025600000000004" lon="12.296850000000001">
    <ele>164.83</ele>
   </trkpt>
   <trkpt lat="46.025800000000004" lon="12.297210000000002">
    <ele>164.81</ele>
   </trkpt>
   <trkpt lat="46.02604" lon="12.29771">
    <ele>164.75</ele>
   </trkpt>
   <trkpt lat="46.026270000000004" lon="12.29809">
    <ele>164.95000000000002</ele>
   </trkpt>
   <trkpt lat="46.02682000800812" lon="12.298872476640444">
    <ele>165.76000000000002</ele>
   </trkpt>
   <trkpt lat="46.027370010676485" lon="12.299654968851998">
    <ele>167.45000000000002</ele>
   </trkpt>
   <trkpt lat="46.0279200080049" lon="12.300437476635123">
    <ele>168.23000000000002</ele>
   </trkpt>
   <trkpt lat="46.028470000000006" lon="12.30122">
    <ele>168.16</ele>
   </trkpt>
   <trkpt lat="46.02859" lon="12.30145">
    <ele>168.19</ele>
   </trkpt>
   <trkpt lat="46.028650000000006" lon="12.3016">
    <ele>168.26000000000002</ele>
   </trkpt>
   <trkpt lat="46.0287" lon="12.301800000000002">
    <ele>168.66</ele>
   </trkpt>
   <trkpt lat="46.02877" lon="12.302230000000002">
    <ele>169.36</ele>
   </trkpt>
   <trkpt lat="46.02884" lon="12.303120000000002">
    <ele>171.24</ele>
   </trkpt>
   <trkpt lat="46.02890000000001" lon="12.303370000000001">
    <ele>173.21</ele>
   </trkpt>
   <trkpt lat="46.02902" lon="12.30362">
    <ele>173.21</ele>
   </trkpt>
   <trkpt lat="46.02919000000001" lon="12.30381">
    <ele>175.05</ele>
   </trkpt>
   <trkpt lat="46.02933" lon="12.30389">
    <ele>176.24</ele>
   </trkpt>
   <trkpt lat="46.029430000000005" lon="12.3039">
    <ele>177.44</ele>
   </trkpt>
   <trkpt lat="46.029500000000006" lon="12.30389">
    <ele>177.44</ele>
   </trkpt>
   <trkpt lat="46.02957000000001" lon="12.30385">
    <ele>177.44</ele>
   </trkpt>
   <trkpt lat="46.02966000000001" lon="12.30376">
    <ele>179.13</ele>
   </trkpt>
   <trkpt lat="46.029720000000005" lon="12.30366">
    <ele>179.13</ele>
   </trkpt>
   <trkpt lat="46.029920000000004" lon="12.303030000000001">
    <ele>182.6</ele>
   </trkpt>
   <trkpt lat="46.030080000000005" lon="12.302660000000001">
    <ele>185.57000000000002</ele>
   </trkpt>
   <trkpt lat="46.030350000000006" lon="12.302290000000001">
    <ele>186.41000000000003</ele>
   </trkpt>
   <trkpt lat="46.03054" lon="12.30193">
    <ele>188.71</ele>
   </trkpt>
   <trkpt lat="46.030660000000005" lon="12.30183">
    <ele>189.52</ele>
   </trkpt>
   <trkpt lat="46.03076" lon="12.301820000000001">
    <ele>189.58</ele>
   </trkpt>
   <trkpt lat="46.030840000000005" lon="12.30184">
    <ele>189.68</ele>
   </trkpt>
   <trkpt lat="46.031090000000006" lon="12.302010000000001">
    <ele>189.82000000000002</ele>
   </trkpt>
   <trkpt lat="46.031200000000005" lon="12.302150000000001">
    <ele>189.83</ele>
   </trkpt>
   <trkpt lat="46.03150500214672" lon="12.302854996061994">
    <ele>189.15</ele>
   </trkpt>
   <trkpt lat="46.03181000000001" lon="12.303560000000001">
    <ele>187.99</ele>
   </trkpt>
   <trkpt lat="46.03204" lon="12.303960000000002">
    <ele>187.66000000000003</ele>
   </trkpt>
   <trkpt lat="46.032230000000006" lon="12.304200000000002">
    <ele>187.49</ele>
   </trkpt>
   <trkpt lat="46.03282667003675" lon="12.30482331985485">
    <ele>187.96</ele>
   </trkpt>
   <trkpt lat="46.03342333668509" lon="12.305446653168817">
    <ele>188.83</ele>
   </trkpt>
   <trkpt lat="46.034020000000005" lon="12.306070000000002">
    <ele>190.33</ele>
   </trkpt>
   <trkpt lat="46.03427000000001" lon="12.306360000000002">
    <ele>191.63000000000002</ele>
   </trkpt>
   <trkpt lat="46.034815002645715" lon="12.307134992394927">
    <ele>197.66</ele>
   </trkpt>
   <trkpt lat="46.035360000000004" lon="12.307910000000001">
    <ele>201.0</ele>
   </trkpt>
   <trkpt lat="46.03575000000001" lon="12.30832">
    <ele>204.54000000000002</ele>
   </trkpt>
   <trkpt lat="46.03614" lon="12.3086">
    <ele>207.69</ele>
   </trkpt>
   <trkpt lat="46.03699" lon="12.30892">
    <ele>214.8</ele>
   </trkpt>
   <trkpt lat="46.03727000000001" lon="12.30907">
    <ele>217.2</ele>
   </trkpt>
   <trkpt lat="46.037745000929995" lon="12.309509996297164">
    <ele>219.39000000000001</ele>
   </trkpt>
   <trkpt lat="46.03822" lon="12.30995">
    <ele>224.06</ele>
   </trkpt>
   <trkpt lat="46.03837" lon="12.310020000000002">
    <ele>224.71</ele>
   </trkpt>
   <trkpt lat="46.038630000000005" lon="12.310070000000001">
    <ele>226.52</ele>
   </trkpt>
   <trkpt lat="46.038880000000006" lon="12.310030000000001">
    <ele>227.98000000000002</ele>
   </trkpt>
   <trkpt lat="46.03909" lon="12.309940000000001">
    <ele>229.78</ele>
   </trkpt>
   <trkpt lat="46.03931" lon="12.309780000000002">
    <ele>232.52000000000004</ele>
   </trkpt>
   <trkpt lat="46.03961" lon="12.309500000000002">
    <ele>233.99000000000004</ele>
   </trkpt>
   <trkpt lat="46.0401800013661" lon="12.308930005930911">
    <ele>240.91</ele>
   </trkpt>
   <trkpt lat="46.04075" lon="12.30836">
    <ele>243.34000000000003</ele>
   </trkpt>
   <trkpt lat="46.0409" lon="12.308290000000001">
    <ele>244.71</ele>
   </trkpt>
   <trkpt lat="46.041050000000006" lon="12.308340000000001">
    <ele>246.17000000000002</ele>
   </trkpt>
   <trkpt lat="46.04149" lon="12.308580000000001">
    <ele>247.68</ele>
   </trkpt>
   <trkpt lat="46.041900000000005" lon="12.308760000000001">
    <ele>251.09000000000003</ele>
   </trkpt>
   <trkpt lat="46.04204000000001" lon="12.30877">
    <ele>252.67</ele>
   </trkpt>
   <trkpt lat="46.04216" lon="12.30873">
    <ele>252.67</ele>
   </trkpt>
   <trkpt lat="46.04224000000001" lon="12.30869">
    <ele>254.20000000000005</ele>
   </trkpt>
   <trkpt lat="46.04233000000001" lon="12.308560000000002">
    <ele>254.20000000000005</ele>
   </trkpt>
   <trkpt lat="46.04238" lon="12.308440000000001">
    <ele>254.20000000000005</ele>
   </trkpt>
   <trkpt lat="46.04242000000001" lon="12.308280000000002">
    <ele>257.44</ele>
   </trkpt>
   <trkpt lat="46.042440000000006" lon="12.308060000000001">
    <ele>257.44</ele>
   </trkpt>
   <trkpt lat="46.04242000000001" lon="12.30774">
    <ele>259.01</ele>
   </trkpt>
   <trkpt lat="46.04243" lon="12.307440000000001">
    <ele>260.0</ele>
   </trkpt>
   <trkpt lat="46.04249" lon="12.307210000000001">
    <ele>260.47</ele>
   </trkpt>
   <trkpt lat="46.04258" lon="12.307020000000001">
    <ele>260.99</ele>
   </trkpt>
   <trkpt lat="46.042750000000005" lon="12.306870000000002">
    <ele>264.39</ele>
   </trkpt>
   <trkpt lat="46.04287" lon="12.306820000000002">
    <ele>264.39</ele>
   </trkpt>
   <trkpt lat="46.043620000000004" lon="12.306790000000001">
    <ele>268.29</ele>
   </trkpt>
   <trkpt lat="46.04437" lon="12.306650000000001">
    <ele>274.87</ele>
   </trkpt>
   <trkpt lat="46.044540000000005" lon="12.306690000000001">
    <ele>274.87</ele>
   </trkpt>
   <trkpt lat="46.044720000000005" lon="12.306830000000001">
    <ele>277.06</ele>
   </trkpt>
   <trkpt lat="46.044850000000004" lon="12.307020000000001">
    <ele>278.21</ele>
   </trkpt>
   <trkpt lat="46.044940000000004" lon="12.307260000000001">
    <ele>278.21</ele>
   </trkpt>
   <trkpt lat="46.045120000000004" lon="12.308000000000002">
    <ele>281.95000000000005</ele>
   </trkpt>
   <trkpt lat="46.045260000000006" lon="12.30832">
    <ele>283.90999999999997</ele>
   </trkpt>
   <trkpt lat="46.045350000000006" lon="12.3084">
    <ele>284.71000000000004</ele>
   </trkpt>
   <trkpt lat="46.04607500048558" lon="12.308709995959912">
    <ele>290.39000000000004</ele>
   </trkpt>
   <trkpt lat="46.046800000000005" lon="12.30902">
    <ele>292.47</ele>
   </trkpt>
   <trkpt lat="46.04704" lon="12.309220000000002">
    <ele>292.2</ele>
   </trkpt>
   <trkpt lat="46.04739500128417" lon="12.309739996812107">
    <ele>290.04</ele>
   </trkpt>
   <trkpt lat="46.04775" lon="12.310260000000001">
    <ele>289.22</ele>
   </trkpt>
   <trkpt lat="46.04825250677501" lon="12.310979980340964">
    <ele>288.15000000000003</ele>
   </trkpt>
   <trkpt lat="46.04875500902931" lon="12.311699973781787">
    <ele>288.54</ele>
   </trkpt>
   <trkpt lat="46.049257506762764" lon="12.312419980322822">
    <ele>288.82</ele>
   </trkpt>
   <trkpt lat="46.049760000000006" lon="12.31314">
    <ele>288.89000000000004</ele>
   </trkpt>
   <trkpt lat="46.05047800987099" lon="12.313891960904925">
    <ele>286.54</ele>
   </trkpt>
   <trkpt lat="46.05119601481074" lon="12.314643941360703">
    <ele>285.29</ele>
   </trkpt>
   <trkpt lat="46.05191401481897" lon="12.315395941368203">
    <ele>284.99</ele>
   </trkpt>
   <trkpt lat="46.052632009895454" lon="12.316147960928284">
    <ele>283.90999999999997</ele>
   </trkpt>
   <trkpt lat="46.05335" lon="12.3169">
    <ele>283.2</ele>
   </trkpt>
   <trkpt lat="46.05350000000001" lon="12.31708">
    <ele>283.17</ele>
   </trkpt>
   <trkpt lat="46.05366" lon="12.31736">
    <ele>284.69</ele>
   </trkpt>
   <trkpt lat="46.05387000179365" lon="12.317989997793472">
    <ele>288.62000000000006</ele>
   </trkpt>
   <trkpt lat="46.054080000000006" lon="12.318620000000001">
    <ele>290.12000000000006</ele>
   </trkpt>
   <trkpt lat="46.054190000000006" lon="12.319560000000001">
    <ele>294.84000000000003</ele>
   </trkpt>
   <trkpt lat="46.05429" lon="12.319920000000002">
    <ele>294.84000000000003</ele>
   </trkpt>
   <trkpt lat="46.0544" lon="12.320200000000002">
    <ele>296.59000000000003</ele>
   </trkpt>
   <trkpt lat="46.054570000000005" lon="12.32047">
    <ele>298.45000000000005</ele>
   </trkpt>
   <trkpt lat="46.054880000000004" lon="12.32083">
    <ele>300.59000000000003</ele>
   </trkpt>
   <trkpt lat="46.05503" lon="12.32097">
    <ele>301.1</ele>
   </trkpt>
   <trkpt lat="46.05536" lon="12.321140000000002">
    <ele>301.78000000000003</ele>
   </trkpt>
   <trkpt lat="46.05561" lon="12.321340000000001">
    <ele>302.24</ele>
   </trkpt>
   <trkpt lat="46.05612000000001" lon="12.321890000000002">
    <ele>302.77000000000004</ele>
   </trkpt>
   <trkpt lat="46.056560000000005" lon="12.32243">
    <ele>303.74</ele>
   </trkpt>
   <trkpt lat="46.05662" lon="12.322540000000002">
    <ele>303.74</ele>
   </trkpt>
   <trkpt lat="46.05668000000001" lon="12.322700000000001">
    <ele>305.11</ele>
   </trkpt>
   <trkpt lat="46.05682" lon="12.323350000000001">
    <ele>305.57</ele>
   </trkpt>
   <trkpt lat="46.056990000000006" lon="12.323670000000002">
    <ele>306.3</ele>
   </trkpt>
   <trkpt lat="46.05756" lon="12.324230000000002">
    <ele>307.9</ele>
   </trkpt>
   <trkpt lat="46.05807" lon="12.32488">
    <ele>310.59000000000003</ele>
   </trkpt>
   <trkpt lat="46.05839" lon="12.32516">
    <ele>311.67</ele>
   </trkpt>
   <trkpt lat="46.05880000046483" lon="12.32549999744285">
    <ele>313.90000000000003</ele>
   </trkpt>
   <trkpt lat="46.05921000000001" lon="12.325840000000001">
    <ele>316.91</ele>
   </trkpt>
   <trkpt lat="46.059650000000005" lon="12.32637">
    <ele>319.47</ele>
   </trkpt>
   <trkpt lat="46.06013" lon="12.326880000000001">
    <ele>321.81000000000006</ele>
   </trkpt>
   <trkpt lat="46.06029" lon="12.327090000000002">
    <ele>323.11</ele>
   </trkpt>
   <trkpt lat="46.060700000000004" lon="12.327770000000001">
    <ele>325.75000000000006</ele>
   </trkpt>
   <trkpt lat="46.06125" lon="12.32835">
    <ele>327.82</ele>
   </trkpt>
   <trkpt lat="46.06163" lon="12.328700000000001">
    <ele>331.17</ele>
   </trkpt>
   <trkpt lat="46.061930000000004" lon="12.329110000000002">
    <ele>332.65</ele>
   </trkpt>
   <trkpt lat="46.06248" lon="12.330000000000002">
    <ele>336.52000000000004</ele>
   </trkpt>
   <trkpt lat="46.06295000404087" lon="12.330683321653272">
    <ele>340.0</ele>
   </trkpt>
   <trkpt lat="46.06342000400976" lon="12.331366654941203">
    <ele>344.09</ele>
   </trkpt>
   <trkpt lat="46.06389" lon="12.33205">
    <ele>347.19000000000005</ele>
   </trkpt>
   <trkpt lat="46.06418" lon="12.332460000000001">
    <ele>348.73</ele>
   </trkpt>
   <trkpt lat="46.06463" lon="12.333020000000001">
    <ele>351.48</ele>
   </trkpt>
   <trkpt lat="46.064890000000005" lon="12.333530000000001">
    <ele>354.29</ele>
   </trkpt>
   <trkpt lat="46.06504" lon="12.333860000000001">
    <ele>354.94</ele>
   </trkpt>
   <trkpt lat="46.06551000282834" lon="12.334664993150959">
    <ele>358.52</ele>
   </trkpt>
   <trkpt lat="46.06598" lon="12.33547">
    <ele>363.84000000000003</ele>
   </trkpt>
   <trkpt lat="46.06615" lon="12.33571">
    <ele>363.84000000000003</ele>
   </trkpt>
   <trkpt lat="46.066340000000004" lon="12.33591">
    <ele>366.00000000000006</ele>
   </trkpt>
   <trkpt lat="46.06662" lon="12.33613">
    <ele>366.65000000000003</ele>
   </trkpt>
   <trkpt lat="46.067080000000004" lon="12.336450000000001">
    <ele>370.32000000000005</ele>
   </trkpt>
   <trkpt lat="46.067530000000005" lon="12.33665">
    <ele>372.88000000000005</ele>
   </trkpt>
   <trkpt lat="46.06786" lon="12.336770000000001">
    <ele>372.88000000000005</ele>
   </trkpt>
   <trkpt lat="46.06819" lon="12.33694">
    <ele>375.70000000000005</ele>
   </trkpt>
   <trkpt lat="46.06846" lon="12.337190000000001">
    <ele>378.13</ele>
   </trkpt>
   <trkpt lat="46.06866" lon="12.33744">
    <ele>378.59000000000003</ele>
   </trkpt>
   <trkpt lat="46.068870000000004" lon="12.337750000000002">
    <ele>379.01</ele>
   </trkpt>
   <trkpt lat="46.06913" lon="12.33824">
    <ele>382.02000000000004</ele>
   </trkpt>
   <trkpt lat="46.069280000000006" lon="12.338460000000001">
    <ele>382.96000000000004</ele>
   </trkpt>
   <trkpt lat="46.069680000000005" lon="12.33895">
    <ele>385.55</ele>
   </trkpt>
   <trkpt lat="46.06978" lon="12.33919">
    <ele>386.19</ele>
   </trkpt>
   <trkpt lat="46.069950000000006" lon="12.33975">
    <ele>388.1</ele>
   </trkpt>
   <trkpt lat="46.07003" lon="12.33993">
    <ele>388.79</ele>
   </trkpt>
   <trkpt lat="46.07029000000001" lon="12.340380000000001">
    <ele>391.49</ele>
   </trkpt>
   <trkpt lat="46.07052" lon="12.340710000000001">
    <ele>393.8</ele>
   </trkpt>
   <trkpt lat="46.07065" lon="12.34083">
    <ele>393.8</ele>
   </trkpt>
   <trkpt lat="46.070660000000004" lon="12.340840000000002">
    <ele>393.8</ele>
   </trkpt>
   <trkpt lat="46.070890000000006" lon="12.34092">
    <ele>395.71</ele>
   </trkpt>
   <trkpt lat="46.07097" lon="12.34093">
    <ele>395.33</ele>
   </trkpt>
   <trkpt lat="46.071200000000005" lon="12.34102">
    <ele>395.97</ele>
   </trkpt>
   <trkpt lat="46.07182" lon="12.34148">
    <ele>399.76000000000005</ele>
   </trkpt>
   <trkpt lat="46.071940000000005" lon="12.34153">
    <ele>400.29</ele>
   </trkpt>
   <trkpt lat="46.07206" lon="12.34154">
    <ele>401.57000000000005</ele>
   </trkpt>
   <trkpt lat="46.072250000000004" lon="12.34153">
    <ele>401.57000000000005</ele>
   </trkpt>
   <trkpt lat="46.072480000000006" lon="12.341460000000001">
    <ele>403.27</ele>
   </trkpt>
   <trkpt lat="46.07258" lon="12.3414">
    <ele>403.27</ele>
   </trkpt>
   <trkpt lat="46.07282000000001" lon="12.341090000000001">
    <ele>405.35</ele>
   </trkpt>
   <trkpt lat="46.073220000000006" lon="12.340810000000001">
    <ele>409.03000000000003</ele>
   </trkpt>
   <trkpt lat="46.073310000000006" lon="12.340700000000002">
    <ele>409.03000000000003</ele>
   </trkpt>
   <trkpt lat="46.07334" lon="12.34063">
    <ele>409.03000000000003</ele>
   </trkpt>
   <trkpt lat="46.0735" lon="12.33988">
    <ele>411.99</ele>
   </trkpt>
   <trkpt lat="46.07358000000001" lon="12.33965">
    <ele>412.62000000000006</ele>
   </trkpt>
   <trkpt lat="46.07388" lon="12.338980000000001">
    <ele>416.14</ele>
   </trkpt>
   <trkpt lat="46.073980000000006" lon="12.33866">
    <ele>416.79</ele>
   </trkpt>
   <trkpt lat="46.074070000000006" lon="12.338460000000001">
    <ele>417.37</ele>
   </trkpt>
   <trkpt lat="46.074180000000005" lon="12.338310000000002">
    <ele>418.24000000000007</ele>
   </trkpt>
   <trkpt lat="46.07444" lon="12.338040000000001">
    <ele>419.59000000000003</ele>
   </trkpt>
   <trkpt lat="46.07466" lon="12.337860000000001">
    <ele>421.48</ele>
   </trkpt>
   <trkpt lat="46.07473" lon="12.33774">
    <ele>421.48</ele>
   </trkpt>
   <trkpt lat="46.074850000000005" lon="12.33702">
    <ele>423.28000000000003</ele>
   </trkpt>
   <trkpt lat="46.075030000000005" lon="12.336570000000002">
    <ele>424.19</ele>
   </trkpt>
   <trkpt lat="46.07546000000001" lon="12.33567">
    <ele>428.50000000000006</ele>
   </trkpt>
   <trkpt lat="46.07589500319213" lon="12.334815006730603">
    <ele>433.01000000000005</ele>
   </trkpt>
   <trkpt lat="46.076330000000006" lon="12.333960000000001">
    <ele>439.85</ele>
   </trkpt>
   <trkpt lat="46.076420000000006" lon="12.333850000000002">
    <ele>439.85</ele>
   </trkpt>
   <trkpt lat="46.076550000000005" lon="12.333820000000001">
    <ele>439.85</ele>
   </trkpt>
   <trkpt lat="46.076640000000005" lon="12.333850000000002">
    <ele>440.64000000000004</ele>
   </trkpt>
   <trkpt lat="46.07672" lon="12.33398">
    <ele>440.64000000000004</ele>
   </trkpt>
   <trkpt lat="46.076800000000006" lon="12.33421">
    <ele>443.03000000000003</ele>
   </trkpt>
   <trkpt lat="46.07686" lon="12.334480000000001">
    <ele>443.03000000000003</ele>
   </trkpt>
   <trkpt lat="46.07692" lon="12.334840000000002">
    <ele>446.08000000000004</ele>
   </trkpt>
   <trkpt lat="46.076930000000004" lon="12.33594">
    <ele>449.51</ele>
   </trkpt>
   <trkpt lat="46.076950000000004" lon="12.336030000000001">
    <ele>450.04</ele>
   </trkpt>
   <trkpt lat="46.07708" lon="12.336210000000001">
    <ele>450.76000000000005</ele>
   </trkpt>
   <trkpt lat="46.077500000653146" lon="12.33651499785828">
    <ele>453.73</ele>
   </trkpt>
   <trkpt lat="46.077920000000006" lon="12.336820000000001">
    <ele>457.20000000000005</ele>
   </trkpt>
   <trkpt lat="46.078010000000006" lon="12.336850000000002">
    <ele>457.20000000000005</ele>
   </trkpt>
   <trkpt lat="46.07815" lon="12.336810000000002">
    <ele>458.22</ele>
   </trkpt>
   <trkpt lat="46.07826" lon="12.336720000000001">
    <ele>458.66</ele>
   </trkpt>
   <trkpt lat="46.078320000000005" lon="12.336620000000002">
    <ele>459.07000000000005</ele>
   </trkpt>
   <trkpt lat="46.07835" lon="12.33651">
    <ele>459.76000000000005</ele>
   </trkpt>
   <trkpt lat="46.07836" lon="12.336310000000001">
    <ele>459.76000000000005</ele>
   </trkpt>
   <trkpt lat="46.07831" lon="12.336100000000002">
    <ele>461.0</ele>
   </trkpt>
   <trkpt lat="46.07818" lon="12.33586">
    <ele>462.22</ele>
   </trkpt>
   <trkpt lat="46.077890000000004" lon="12.335410000000001">
    <ele>464.27</ele>
   </trkpt>
   <trkpt lat="46.077830000000006" lon="12.335270000000001">
    <ele>466.15000000000003</ele>
   </trkpt>
   <trkpt lat="46.07779" lon="12.3351">
    <ele>466.74</ele>
   </trkpt>
   <trkpt lat="46.0778" lon="12.334950000000001">
    <ele>467.3</ele>
   </trkpt>
   <trkpt lat="46.077830000000006" lon="12.33482">
    <ele>467.3</ele>
   </trkpt>
   <trkpt lat="46.07818" lon="12.33407">
    <ele>471.74000000000007</ele>
   </trkpt>
   <trkpt lat="46.07826" lon="12.333950000000002">
    <ele>472.33000000000004</ele>
   </trkpt>
   <trkpt lat="46.078410000000005" lon="12.333860000000001">
    <ele>472.33000000000004</ele>
   </trkpt>
   <trkpt lat="46.07856" lon="12.333850000000002">
    <ele>474.30000000000007</ele>
   </trkpt>
   <trkpt lat="46.07871" lon="12.33392">
    <ele>474.30000000000007</ele>
   </trkpt>
   <trkpt lat="46.07883" lon="12.334050000000001">
    <ele>474.30000000000007</ele>
   </trkpt>
   <trkpt lat="46.078990000000005" lon="12.334410000000002">
    <ele>476.05</ele>
   </trkpt>
   <trkpt lat="46.079100000000004" lon="12.33469">
    <ele>477.38</ele>
   </trkpt>
   <trkpt lat="46.07923" lon="12.335170000000002">
    <ele>479.05</ele>
   </trkpt>
   <trkpt lat="46.07949000000001" lon="12.336340000000002">
    <ele>483.85</ele>
   </trkpt>
   <trkpt lat="46.079600000000006" lon="12.336590000000001">
    <ele>485.40000000000003</ele>
   </trkpt>
   <trkpt lat="46.07968" lon="12.336670000000002">
    <ele>485.71000000000004</ele>
   </trkpt>
   <trkpt lat="46.07978000000001" lon="12.336720000000001">
    <ele>485.90000000000003</ele>
   </trkpt>
   <trkpt lat="46.0799" lon="12.33674">
    <ele>486.31</ele>
   </trkpt>
   <trkpt lat="46.080110000000005" lon="12.33669">
    <ele>486.62000000000006</ele>
   </trkpt>
   <trkpt lat="46.080780000000004" lon="12.33646">
    <ele>487.36</ele>
   </trkpt>
   <trkpt lat="46.08153500046783" lon="12.336180003784891">
    <ele>486.95000000000005</ele>
   </trkpt>
   <trkpt lat="46.08229" lon="12.3359">
    <ele>485.02000000000004</ele>
   </trkpt>
   <trkpt lat="46.082570000000004" lon="12.335820000000002">
    <ele>483.63000000000005</ele>
   </trkpt>
   <trkpt lat="46.082820000000005" lon="12.335780000000002">
    <ele>482.35</ele>
   </trkpt>
   <trkpt lat="46.08314000000001" lon="12.33576">
    <ele>481.09000000000003</ele>
   </trkpt>
   <trkpt lat="46.083600000000004" lon="12.3358">
    <ele>478.42</ele>
   </trkpt>
   <trkpt lat="46.083830000000006" lon="12.335840000000001">
    <ele>477.56</ele>
   </trkpt>
   <trkpt lat="46.08408000000001" lon="12.335970000000001">
    <ele>476.25000000000006</ele>
   </trkpt>
   <trkpt lat="46.084320000000005" lon="12.33622">
    <ele>472.93</ele>
   </trkpt>
   <trkpt lat="46.084430000000005" lon="12.336400000000001">
    <ele>472.93</ele>
   </trkpt>
   <trkpt lat="46.08469" lon="12.336900000000002">
    <ele>470.30000000000007</ele>
   </trkpt>
   <trkpt lat="46.084970000000006" lon="12.33735">
    <ele>467.29</ele>
   </trkpt>
   <trkpt lat="46.085080000000005" lon="12.33745">
    <ele>467.29</ele>
   </trkpt>
   <trkpt lat="46.08532" lon="12.337530000000001">
    <ele>466.4200000000001</ele>
   </trkpt>
   <trkpt lat="46.085510000000006" lon="12.337510000000002">
    <ele>465.22</ele>
   </trkpt>
   <trkpt lat="46.086130000000004" lon="12.337510000000002">
    <ele>464.29</ele>
   </trkpt>
   <trkpt lat="46.086470000000006" lon="12.33754">
    <ele>464.31000000000006</ele>
   </trkpt>
   <trkpt lat="46.08657" lon="12.337530000000001">
    <ele>464.38</ele>
   </trkpt>
   <trkpt lat="46.086780000000005" lon="12.33758">
    <ele>463.73</ele>
   </trkpt>
   <trkpt lat="46.086920000000006" lon="12.33764">
    <ele>463.73</ele>
   </trkpt>
   <trkpt lat="46.08710000000001" lon="12.337790000000002">
    <ele>462.99</ele>
   </trkpt>
   <trkpt lat="46.087250000000004" lon="12.337980000000002">
    <ele>462.42</ele>
   </trkpt>
   <trkpt lat="46.08759000220318" lon="12.338684995729315">
    <ele>460.59000000000003</ele>
   </trkpt>
   <trkpt lat="46.08793000000001" lon="12.339390000000002">
    <ele>458.91</ele>
   </trkpt>
   <trkpt lat="46.08803" lon="12.339540000000001">
    <ele>458.91</ele>
   </trkpt>
   <trkpt lat="46.08838" lon="12.339950000000002">
    <ele>456.20000000000005</ele>
   </trkpt>
   <trkpt lat="46.088570000000004" lon="12.34022">
    <ele>455.71000000000004</ele>
   </trkpt>
   <trkpt lat="46.08869000000001" lon="12.3406">
    <ele>455.45</ele>
   </trkpt>
   <trkpt lat="46.08878000000001" lon="12.341140000000001">
    <ele>453.85</ele>
   </trkpt>
   <trkpt lat="46.08894" lon="12.34182">
    <ele>452.16</ele>
   </trkpt>
   <trkpt lat="46.08896000000001" lon="12.342220000000001">
    <ele>451.34000000000003</ele>
   </trkpt>
   <trkpt lat="46.08896000000001" lon="12.34266">
    <ele>449.90000000000003</ele>
   </trkpt>
   <trkpt lat="46.08899" lon="12.342880000000001">
    <ele>449.35</ele>
   </trkpt>
   <trkpt lat="46.08905" lon="12.343010000000001">
    <ele>448.25</ele>
   </trkpt>
   <trkpt lat="46.08916000000001" lon="12.34312">
    <ele>448.25</ele>
   </trkpt>
   <trkpt lat="46.089270000000006" lon="12.34317">
    <ele>447.55000000000007</ele>
   </trkpt>
   <trkpt lat="46.08935" lon="12.34318">
    <ele>447.55000000000007</ele>
   </trkpt>
   <trkpt lat="46.08945000000001" lon="12.343150000000001">
    <ele>447.55000000000007</ele>
   </trkpt>
   <trkpt lat="46.08977" lon="12.343000000000002">
    <ele>444.50000000000006</ele>
   </trkpt>
   <trkpt lat="46.09042" lon="12.34265">
    <ele>441.73</ele>
   </trkpt>
   <trkpt lat="46.090740000000004" lon="12.342450000000001">
    <ele>440.8</ele>
   </trkpt>
   <trkpt lat="46.09085" lon="12.342360000000001">
    <ele>440.48</ele>
   </trkpt>
   <trkpt lat="46.09096" lon="12.34224">
    <ele>440.4</ele>
   </trkpt>
   <trkpt lat="46.09149" lon="12.341230000000001">
    <ele>438.65000000000003</ele>
   </trkpt>
   <trkpt lat="46.09158" lon="12.3411">
    <ele>437.1700000000001</ele>
   </trkpt>
   <trkpt lat="46.091750000000005" lon="12.340890000000002">
    <ele>437.1700000000001</ele>
   </trkpt>
   <trkpt lat="46.091910000000006" lon="12.34074">
    <ele>436.66</ele>
   </trkpt>
   <trkpt lat="46.092090000000006" lon="12.34068">
    <ele>436.28000000000003</ele>
   </trkpt>
   <trkpt lat="46.09228" lon="12.340700000000002">
    <ele>435.96</ele>
   </trkpt>
   <trkpt lat="46.092740000000006" lon="12.34078">
    <ele>434.55</ele>
   </trkpt>
   <trkpt lat="46.09290000000001" lon="12.34083">
    <ele>434.55</ele>
   </trkpt>
   <trkpt lat="46.093050000000005" lon="12.34092">
    <ele>433.92</ele>
   </trkpt>
   <trkpt lat="46.093230000000005" lon="12.34107">
    <ele>433.66</ele>
   </trkpt>
   <trkpt lat="46.09348000000001" lon="12.341380000000001">
    <ele>432.83000000000004</ele>
   </trkpt>
   <trkpt lat="46.093610000000005" lon="12.341470000000001">
    <ele>432.42</ele>
   </trkpt>
   <trkpt lat="46.09427" lon="12.34181">
    <ele>431.91</ele>
   </trkpt>
   <trkpt lat="46.09442000000001" lon="12.34191">
    <ele>431.43</ele>
   </trkpt>
   <trkpt lat="46.09456" lon="12.342030000000001">
    <ele>431.05</ele>
   </trkpt>
   <trkpt lat="46.09514401087674" lon="12.3428199665247">
    <ele>428.86</ele>
   </trkpt>
   <trkpt lat="46.09572801631148" lon="12.343609949781314">
    <ele>426.92</ele>
   </trkpt>
   <trkpt lat="46.09631201630402" lon="12.344399949770386">
    <ele>425.21000000000004</ele>
   </trkpt>
   <trkpt lat="46.09689601085413" lon="12.345189966492454">
    <ele>423.93</ele>
   </trkpt>
   <trkpt lat="46.097480000000004" lon="12.34598">
    <ele>422.49</ele>
   </trkpt>
   <trkpt lat="46.097590000000004" lon="12.346060000000001">
    <ele>422.49</ele>
   </trkpt>
   <trkpt lat="46.097770000000004" lon="12.346150000000002">
    <ele>421.86</ele>
   </trkpt>
   <trkpt lat="46.09796" lon="12.346200000000001">
    <ele>420.84000000000003</ele>
   </trkpt>
   <trkpt lat="46.09879" lon="12.346340000000001">
    <ele>419.49</ele>
   </trkpt>
   <trkpt lat="46.09893" lon="12.346400000000001">
    <ele>418.89000000000004</ele>
   </trkpt>
   <trkpt lat="46.099030000000006" lon="12.346480000000001">
    <ele>418.89000000000004</ele>
   </trkpt>
   <trkpt lat="46.09939500055765" lon="12.346884997144228">
    <ele>417.31</ele>
   </trkpt>
   <trkpt lat="46.09976" lon="12.347290000000001">
    <ele>416.6</ele>
   </trkpt>
   <trkpt lat="46.100080000000005" lon="12.347600000000002">
    <ele>415.43</ele>
   </trkpt>
   <trkpt lat="46.1004" lon="12.34796">
    <ele>414.74000000000007</ele>
   </trkpt>
   <trkpt lat="46.1009" lon="12.348370000000001">
    <ele>413.29</ele>
   </trkpt>
   <trkpt lat="46.10149000216251" lon="12.349074992450213">
    <ele>411.68000000000006</ele>
   </trkpt>
   <trkpt lat="46.10208" lon="12.34978">
    <ele>410.1</ele>
   </trkpt>
   <trkpt lat="46.10278" lon="12.350570000000001">
    <ele>408.55</ele>
   </trkpt>
   <trkpt lat="46.10333000000001" lon="12.351320000000001">
    <ele>406.86000000000007</ele>
   </trkpt>
   <trkpt lat="46.10376667039284" lon="12.351969989765415">
    <ele>405.48</ele>
   </trkpt>
   <trkpt lat="46.104203337101445" lon="12.352619989827724">
    <ele>404.07000000000005</ele>
   </trkpt>
   <trkpt lat="46.10464" lon="12.35327">
    <ele>402.86000000000007</ele>
   </trkpt>
   <trkpt lat="46.10484" lon="12.35349">
    <ele>401.4800000000001</ele>
   </trkpt>
   <trkpt lat="46.10511" lon="12.353660000000001">
    <ele>400.88</ele>
   </trkpt>
   <trkpt lat="46.10569000028655" lon="12.353929997144666">
    <ele>399.06</ele>
   </trkpt>
   <trkpt lat="46.10627" lon="12.3542">
    <ele>398.56</ele>
   </trkpt>
   <trkpt lat="46.1064" lon="12.35424">
    <ele>398.33</ele>
   </trkpt>
   <trkpt lat="46.10652" lon="12.354260000000002">
    <ele>398.42</ele>
   </trkpt>
   <trkpt lat="46.10674" lon="12.35421">
    <ele>398.43</ele>
   </trkpt>
   <trkpt lat="46.10687" lon="12.354140000000001">
    <ele>398.55</ele>
   </trkpt>
   <trkpt lat="46.10746" lon="12.353760000000001">
    <ele>398.74</ele>
   </trkpt>
   <trkpt lat="46.107670000000006" lon="12.353700000000002">
    <ele>398.74</ele>
   </trkpt>
   <trkpt lat="46.107760000000006" lon="12.353700000000002">
    <ele>398.74</ele>
   </trkpt>
   <trkpt lat="46.107940000000006" lon="12.353760000000001">
    <ele>398.74</ele>
   </trkpt>
   <trkpt lat="46.108090000000004" lon="12.353840000000002">
    <ele>399.84000000000003</ele>
   </trkpt>
   <trkpt lat="46.10850000000001" lon="12.354130000000001">
    <ele>399.84000000000003</ele>
   </trkpt>
   <trkpt lat="46.10866" lon="12.354190000000001">
    <ele>400.1</ele>
   </trkpt>
   <trkpt lat="46.109350000000006" lon="12.354360000000002">
    <ele>400.72</ele>
   </trkpt>
   <trkpt lat="46.1101" lon="12.354800000000001">
    <ele>401.06</ele>
   </trkpt>
   <trkpt lat="46.110240000000005" lon="12.35485">
    <ele>401.08000000000004</ele>
   </trkpt>
   <trkpt lat="46.110380000000006" lon="12.354870000000002">
    <ele>401.13000000000005</ele>
   </trkpt>
   <trkpt lat="46.11055" lon="12.354830000000002">
    <ele>401.13000000000005</ele>
   </trkpt>
   <trkpt lat="46.11079" lon="12.35471">
    <ele>401.21</ele>
   </trkpt>
   <trkpt lat="46.111320000000006" lon="12.354310000000002">
    <ele>401.39000000000004</ele>
   </trkpt>
   <trkpt lat="46.111630000000005" lon="12.35415">
    <ele>401.43</ele>
   </trkpt>
   <trkpt lat="46.111920000000005" lon="12.35411">
    <ele>401.43</ele>
   </trkpt>
   <trkpt lat="46.112100000000005" lon="12.35411">
    <ele>401.27</ele>
   </trkpt>
   <trkpt lat="46.112320000000004" lon="12.354170000000002">
    <ele>401.24</ele>
   </trkpt>
   <trkpt lat="46.112480000000005" lon="12.35424">
    <ele>401.22</ele>
   </trkpt>
   <trkpt lat="46.11269" lon="12.354400000000002">
    <ele>401.12</ele>
   </trkpt>
   <trkpt lat="46.113340001423595" lon="12.35496499336382">
    <ele>401.20000000000005</ele>
   </trkpt>
   <trkpt lat="46.11399" lon="12.355530000000002">
    <ele>401.05</ele>
   </trkpt>
   <trkpt lat="46.11457" lon="12.35599">
    <ele>401.11</ele>
   </trkpt>
   <trkpt lat="46.11495500062591" lon="12.35634499759036">
    <ele>400.87000000000006</ele>
   </trkpt>
   <trkpt lat="46.11534" lon="12.356700000000002">
    <ele>400.72</ele>
   </trkpt>
   <trkpt lat="46.11598500126793" lon="12.357199994285587">
    <ele>400.68</ele>
   </trkpt>
   <trkpt lat="46.11663" lon="12.357700000000001">
    <ele>401.26</ele>
   </trkpt>
   <trkpt lat="46.11686" lon="12.357790000000001">
    <ele>401.71</ele>
   </trkpt>
   <trkpt lat="46.117070000000005" lon="12.357850000000001">
    <ele>401.90000000000003</ele>
   </trkpt>
   <trkpt lat="46.11730000000001" lon="12.35786">
    <ele>401.95000000000005</ele>
   </trkpt>
   <trkpt lat="46.11731" lon="12.35786">
    <ele>401.95000000000005</ele>
   </trkpt>
   <trkpt lat="46.117540000000005" lon="12.35786">
    <ele>402.17</ele>
   </trkpt>
   <trkpt lat="46.11773" lon="12.35782">
    <ele>402.39000000000004</ele>
   </trkpt>
   <trkpt lat="46.11834000036713" lon="12.357593338382014">
    <ele>402.99</ele>
   </trkpt>
   <trkpt lat="46.11895000028624" lon="12.357366671745478">
    <ele>403.21</ele>
   </trkpt>
   <trkpt lat="46.11956000000001" lon="12.357140000000001">
    <ele>403.13000000000005</ele>
   </trkpt>
   <trkpt lat="46.119910000000004" lon="12.35702">
    <ele>402.36000000000007</ele>
   </trkpt>
   <trkpt lat="46.120090000000005" lon="12.35692">
    <ele>400.74</ele>
   </trkpt>
   <trkpt lat="46.12015" lon="12.356800000000002">
    <ele>400.34000000000003</ele>
   </trkpt>
   <trkpt lat="46.12019" lon="12.356770000000001">
    <ele>400.34000000000003</ele>
   </trkpt>
   <trkpt lat="46.12024" lon="12.356760000000001">
    <ele>400.34000000000003</ele>
   </trkpt>
   <trkpt lat="46.120290000000004" lon="12.35678">
    <ele>399.84000000000003</ele>
   </trkpt>
   <trkpt lat="46.12033" lon="12.35682">
    <ele>399.84000000000003</ele>
   </trkpt>
   <trkpt lat="46.12055" lon="12.35678">
    <ele>399.73</ele>
   </trkpt>
   <trkpt lat="46.12138" lon="12.3564">
    <ele>396.68</ele>
   </trkpt>
   <trkpt lat="46.12221000051277" lon="12.35608000479527">
    <ele>395.46000000000004</ele>
   </trkpt>
   <trkpt lat="46.12304" lon="12.355760000000002">
    <ele>394.94</ele>
   </trkpt>
   <trkpt lat="46.123400000000004" lon="12.35557">
    <ele>395.02000000000004</ele>
   </trkpt>
   <trkpt lat="46.123650000000005" lon="12.355350000000001">
    <ele>395.53000000000003</ele>
   </trkpt>
   <trkpt lat="46.12395" lon="12.355010000000002">
    <ele>396.66</ele>
   </trkpt>
   <trkpt lat="46.12430500060626" lon="12.354585002955693">
    <ele>397.38</ele>
   </trkpt>
   <trkpt lat="46.124660000000006" lon="12.35416">
    <ele>399.14000000000004</ele>
   </trkpt>
   <trkpt lat="46.12507500110706" lon="12.35369500331887">
    <ele>399.4200000000001</ele>
   </trkpt>
   <trkpt lat="46.125490000000006" lon="12.353230000000002">
    <ele>399.56</ele>
   </trkpt>
   <trkpt lat="46.125985001756106" lon="12.35260000562843">
    <ele>399.12</ele>
   </trkpt>
   <trkpt lat="46.12648" lon="12.351970000000001">
    <ele>398.45000000000005</ele>
   </trkpt>
   <trkpt lat="46.12692667024654" lon="12.35133001036735">
    <ele>397.95000000000005</ele>
   </trkpt>
   <trkpt lat="46.12737333692148" lon="12.350690010355653">
    <ele>397.5400000000001</ele>
   </trkpt>
   <trkpt lat="46.12782000000001" lon="12.350050000000001">
    <ele>396.90000000000003</ele>
   </trkpt>
   <trkpt lat="46.128240003592175" lon="12.349403343278498">
    <ele>396.90000000000003</ele>
   </trkpt>
   <trkpt lat="46.12866000353793" lon="12.34875667669547">
    <ele>396.35</ele>
   </trkpt>
   <trkpt lat="46.12908" lon="12.34811">
    <ele>395.74</ele>
   </trkpt>
   <trkpt lat="46.12957" lon="12.347290000000001">
    <ele>394.93000000000006</ele>
   </trkpt>
   <trkpt lat="46.13007001295302" lon="12.34629502709002">
    <ele>394.31000000000006</ele>
   </trkpt>
   <trkpt lat="46.13057001727348" lon="12.345300036115118">
    <ele>394.22</ele>
   </trkpt>
   <trkpt lat="46.131070012961054" lon="12.344305027074963">
    <ele>394.59000000000003</ele>
   </trkpt>
   <trkpt lat="46.13157" lon="12.34331">
    <ele>395.19000000000005</ele>
   </trkpt>
   <trkpt lat="46.13168" lon="12.343210000000001">
    <ele>395.19000000000005</ele>
   </trkpt>
   <trkpt lat="46.131910000000005" lon="12.34312">
    <ele>395.38</ele>
   </trkpt>
   <trkpt lat="46.13208" lon="12.342970000000001">
    <ele>395.59000000000003</ele>
   </trkpt>
   <trkpt lat="46.13212" lon="12.342830000000001">
    <ele>395.73</ele>
   </trkpt>
   <trkpt lat="46.13221" lon="12.342740000000001">
    <ele>395.73</ele>
   </trkpt>
   <trkpt lat="46.13228" lon="12.342450000000001">
    <ele>395.78000000000003</ele>
   </trkpt>
   <trkpt lat="46.13228" lon="12.342120000000001">
    <ele>395.73</ele>
   </trkpt>
   <trkpt lat="46.132180000000005" lon="12.341750000000001">
    <ele>395.75000000000006</ele>
   </trkpt>
   <trkpt lat="46.13215" lon="12.34144">
    <ele>395.68</ele>
   </trkpt>
   <trkpt lat="46.13215" lon="12.341170000000002">
    <ele>395.62</ele>
   </trkpt>
   <trkpt lat="46.132300002508686" lon="12.340405002302065">
    <ele>395.34000000000003</ele>
   </trkpt>
   <trkpt lat="46.132450000000006" lon="12.339640000000001">
    <ele>394.72</ele>
   </trkpt>
   <trkpt lat="46.132560000000005" lon="12.339020000000001">
    <ele>393.89</ele>
   </trkpt>
   <trkpt lat="46.13257" lon="12.338560000000001">
    <ele>393.89</ele>
   </trkpt>
   <trkpt lat="46.13251" lon="12.337280000000002">
    <ele>392.51</ele>
   </trkpt>
   <trkpt lat="46.13237500412505" lon="12.336309997786195">
    <ele>391.41</ele>
   </trkpt>
   <trkpt lat="46.13224" lon="12.33534">
    <ele>390.71000000000004</ele>
   </trkpt>
   <trkpt lat="46.13208000446768" lon="12.334329997192865">
    <ele>390.0</ele>
   </trkpt>
   <trkpt lat="46.13192" lon="12.33332">
    <ele>388.65000000000003</ele>
   </trkpt>
   <trkpt lat="46.1319" lon="12.33294">
    <ele>388.65000000000003</ele>
   </trkpt>
   <trkpt lat="46.13197" lon="12.332400000000002">
    <ele>387.93000000000006</ele>
   </trkpt>
   <trkpt lat="46.13211500178314" lon="12.331765001561822">
    <ele>387.38000000000005</ele>
   </trkpt>
   <trkpt lat="46.13226" lon="12.331130000000002">
    <ele>387.04</ele>
   </trkpt>
   <trkpt lat="46.13237" lon="12.330570000000002">
    <ele>386.72</ele>
   </trkpt>
   <trkpt lat="46.132380000000005" lon="12.330400000000001">
    <ele>386.72</ele>
   </trkpt>
   <trkpt lat="46.13239" lon="12.3299">
    <ele>386.24</ele>
   </trkpt>
   <trkpt lat="46.132370005918716" lon="12.328734999654516">
    <ele>385.0</ele>
   </trkpt>
   <trkpt lat="46.13235" lon="12.327570000000001">
    <ele>383.81000000000006</ele>
   </trkpt>
   <trkpt lat="46.13238669491356" lon="12.326431670488018">
    <ele>383.39</ele>
   </trkpt>
   <trkpt lat="46.132423378528" lon="12.325293339459385">
    <ele>382.85</ele>
   </trkpt>
   <trkpt lat="46.13246005084329" lon="12.324155006914562">
    <ele>382.15000000000003</ele>
   </trkpt>
   <trkpt lat="46.1324967118594" lon="12.323016672854015">
    <ele>381.85</ele>
   </trkpt>
   <trkpt lat="46.13253336157631" lon="12.321878337278207">
    <ele>381.73</ele>
   </trkpt>
   <trkpt lat="46.13257" lon="12.32074">
    <ele>381.93000000000006</ele>
   </trkpt>
   <trkpt lat="46.132540007222914" lon="12.319829999069936">
    <ele>382.36</ele>
   </trkpt>
   <trkpt lat="46.13251000722493" lon="12.318919999131138">
    <ele>382.99000000000007</ele>
   </trkpt>
   <trkpt lat="46.13248" lon="12.318010000000001">
    <ele>383.8</ele>
   </trkpt>
   <trkpt lat="46.132400000000004" lon="12.31742">
    <ele>385.26000000000005</ele>
   </trkpt>
   <trkpt lat="46.132340000000006" lon="12.31727">
    <ele>385.49000000000007</ele>
   </trkpt>
   <trkpt lat="46.13224" lon="12.317150000000002">
    <ele>385.64000000000004</ele>
   </trkpt>
   <trkpt lat="46.13179" lon="12.31714">
    <ele>385.45</ele>
   </trkpt>
   <trkpt lat="46.131780000000006" lon="12.31714">
    <ele>385.45</ele>
   </trkpt>
   <trkpt lat="46.13154" lon="12.317150000000002">
    <ele>385.57</ele>
   </trkpt>
   <trkpt lat="46.13109500005679" lon="12.317260000887758">
    <ele>385.79</ele>
   </trkpt>
   <trkpt lat="46.13065" lon="12.31737">
    <ele>386.14000000000004</ele>
   </trkpt>
   <trkpt lat="46.130160000000004" lon="12.31755">
    <ele>386.94</ele>
   </trkpt>
   <trkpt lat="46.129580000000004" lon="12.317820000000001">
    <ele>387.94</ele>
   </trkpt>
   <trkpt lat="46.12952000000001" lon="12.31784">
    <ele>388.81000000000006</ele>
   </trkpt>
   <trkpt lat="46.129200000000004" lon="12.317900000000002">
    <ele>389.04</ele>
   </trkpt>
   <trkpt lat="46.12888" lon="12.31793">
    <ele>389.5</ele>
   </trkpt>
   <trkpt lat="46.12854" lon="12.318010000000001">
    <ele>389.68</ele>
   </trkpt>
   <trkpt lat="46.127790000000005" lon="12.318320000000002">
    <ele>390.06</ele>
   </trkpt>
   <trkpt lat="46.12698" lon="12.31873">
    <ele>390.24</ele>
   </trkpt>
   <trkpt lat="46.12679000000001" lon="12.318790000000002">
    <ele>390.45</ele>
   </trkpt>
   <trkpt lat="46.12657" lon="12.31883">
    <ele>390.6</ele>
   </trkpt>
   <trkpt lat="46.126200000000004" lon="12.318850000000001">
    <ele>390.83</ele>
   </trkpt>
   <trkpt lat="46.126070000000006" lon="12.318880000000002">
    <ele>390.76000000000005</ele>
   </trkpt>
   <trkpt lat="46.12528000037575" lon="12.319180004308508">
    <ele>389.88</ele>
   </trkpt>
   <trkpt lat="46.12449" lon="12.31948">
    <ele>389.49000000000007</ele>
   </trkpt>
   <trkpt lat="46.12415000000001" lon="12.319640000000001">
    <ele>389.39</ele>
   </trkpt>
   <trkpt lat="46.12386" lon="12.31986">
    <ele>389.39</ele>
   </trkpt>
   <trkpt lat="46.123296669570884" lon="12.320436678455257">
    <ele>389.51</ele>
   </trkpt>
   <trkpt lat="46.122733336241964" lon="12.321013345117246">
    <ele>389.65000000000003</ele>
   </trkpt>
   <trkpt lat="46.122170000000004" lon="12.32159">
    <ele>390.1</ele>
   </trkpt>
   <trkpt lat="46.12142" lon="12.322230000000001">
    <ele>392.74</ele>
   </trkpt>
   <trkpt lat="46.12104" lon="12.322470000000001">
    <ele>393.49</ele>
   </trkpt>
   <trkpt lat="46.12037000061734" lon="12.32281000407697">
    <ele>394.70000000000005</ele>
   </trkpt>
   <trkpt lat="46.1197" lon="12.323150000000002">
    <ele>395.36</ele>
   </trkpt>
   <trkpt lat="46.11912" lon="12.323500000000001">
    <ele>395.71</ele>
   </trkpt>
   <trkpt lat="46.11898" lon="12.32357">
    <ele>395.76000000000005</ele>
   </trkpt>
   <trkpt lat="46.11834" lon="12.323630000000001">
    <ele>396.27</ele>
   </trkpt>
   <trkpt lat="46.11754000017911" lon="12.323860003354007">
    <ele>396.66</ele>
   </trkpt>
   <trkpt lat="46.11674000000001" lon="12.324090000000002">
    <ele>397.44</ele>
   </trkpt>
   <trkpt lat="46.11652" lon="12.32417">
    <ele>397.74</ele>
   </trkpt>
   <trkpt lat="46.11608000021511" lon="12.324405001890096">
    <ele>398.56</ele>
   </trkpt>
   <trkpt lat="46.115640000000006" lon="12.32464">
    <ele>399.86</ele>
   </trkpt>
   <trkpt lat="46.11535000000001" lon="12.324810000000001">
    <ele>400.57000000000005</ele>
   </trkpt>
   <trkpt lat="46.115280000000006" lon="12.32487">
    <ele>400.76</ele>
   </trkpt>
   <trkpt lat="46.115120000000005" lon="12.325080000000002">
    <ele>401.03000000000003</ele>
   </trkpt>
   <trkpt lat="46.11488000000001" lon="12.325600000000001">
    <ele>401.39000000000004</ele>
   </trkpt>
   <trkpt lat="46.1148" lon="12.32572">
    <ele>401.51000000000005</ele>
   </trkpt>
   <trkpt lat="46.11462" lon="12.32591">
    <ele>401.4800000000001</ele>
   </trkpt>
   <trkpt lat="46.11451" lon="12.325980000000001">
    <ele>401.33</ele>
   </trkpt>
   <trkpt lat="46.11419" lon="12.32609">
    <ele>400.36</ele>
   </trkpt>
   <trkpt lat="46.113400000000006" lon="12.326220000000001">
    <ele>397.96000000000004</ele>
   </trkpt>
   <trkpt lat="46.1131" lon="12.326220000000001">
    <ele>397.32</ele>
   </trkpt>
   <trkpt lat="46.11296" lon="12.326200000000002">
    <ele>396.64000000000004</ele>
   </trkpt>
   <trkpt lat="46.112410000000004" lon="12.326030000000001">
    <ele>394.43000000000006</ele>
   </trkpt>
   <trkpt lat="46.111810000000006" lon="12.325880000000002">
    <ele>392.74</ele>
   </trkpt>
   <trkpt lat="46.11159000000001" lon="12.325870000000002">
    <ele>392.11</ele>
   </trkpt>
   <trkpt lat="46.11146" lon="12.325890000000001">
    <ele>392.11</ele>
   </trkpt>
   <trkpt lat="46.111200000000004" lon="12.325990000000001">
    <ele>391.56</ele>
   </trkpt>
   <trkpt lat="46.11074000029356" lon="12.326270002366266">
    <ele>390.78000000000003</ele>
   </trkpt>
   <trkpt lat="46.11028" lon="12.326550000000001">
    <ele>390.27</ele>
   </trkpt>
   <trkpt lat="46.10965" lon="12.32707">
    <ele>390.28000000000003</ele>
   </trkpt>
   <trkpt lat="46.109030000000004" lon="12.32754">
    <ele>390.33</ele>
   </trkpt>
   <trkpt lat="46.10886000000001" lon="12.32764">
    <ele>390.45</ele>
   </trkpt>
   <trkpt lat="46.10871" lon="12.327700000000002">
    <ele>390.46000000000004</ele>
   </trkpt>
   <trkpt lat="46.10855" lon="12.327720000000001">
    <ele>390.43000000000006</ele>
   </trkpt>
   <trkpt lat="46.108000000000004" lon="12.327710000000002">
    <ele>390.22</ele>
   </trkpt>
   <trkpt lat="46.1079" lon="12.32774">
    <ele>390.22</ele>
   </trkpt>
   <trkpt lat="46.10755" lon="12.327960000000001">
    <ele>390.3</ele>
   </trkpt>
   <trkpt lat="46.107260000000004" lon="12.328090000000001">
    <ele>390.39</ele>
   </trkpt>
   <trkpt lat="46.106789999836145" lon="12.328140000444904">
    <ele>390.58000000000004</ele>
   </trkpt>
   <trkpt lat="46.106320000000004" lon="12.328190000000001">
    <ele>390.94</ele>
   </trkpt>
   <trkpt lat="46.10609" lon="12.328170000000002">
    <ele>391.07</ele>
   </trkpt>
   <trkpt lat="46.10530000000001" lon="12.327990000000002">
    <ele>391.40000000000003</ele>
   </trkpt>
   <trkpt lat="46.10513" lon="12.32793">
    <ele>391.40000000000003</ele>
   </trkpt>
   <trkpt lat="46.1043" lon="12.3275">
    <ele>391.93000000000006</ele>
   </trkpt>
   <trkpt lat="46.10417" lon="12.32741">
    <ele>392.07</ele>
   </trkpt>
   <trkpt lat="46.10380000000001" lon="12.327060000000001">
    <ele>392.93000000000006</ele>
   </trkpt>
   <trkpt lat="46.103370000000005" lon="12.3268">
    <ele>394.01</ele>
   </trkpt>
   <trkpt lat="46.103" lon="12.32665">
    <ele>394.29</ele>
   </trkpt>
   <trkpt lat="46.10236000019608" lon="12.326489996278534">
    <ele>395.23</ele>
   </trkpt>
   <trkpt lat="46.10172000016894" lon="12.326329996271802">
    <ele>395.72</ele>
   </trkpt>
   <trkpt lat="46.10108" lon="12.326170000000001">
    <ele>396.67</ele>
   </trkpt>
   <trkpt lat="46.10080000000001" lon="12.326120000000001">
    <ele>397.19000000000005</ele>
   </trkpt>
   <trkpt lat="46.09996" lon="12.326030000000001">
    <ele>397.84000000000003</ele>
   </trkpt>
   <trkpt lat="46.09912000000285" lon="12.325904998085997">
    <ele>398.35</ele>
   </trkpt>
   <trkpt lat="46.09828" lon="12.325780000000002">
    <ele>398.53000000000003</ele>
   </trkpt>
   <trkpt lat="46.097559999997465" lon="12.325684998754033">
    <ele>398.76000000000005</ele>
   </trkpt>
   <trkpt lat="46.09684" lon="12.325590000000002">
    <ele>399.5</ele>
   </trkpt>
   <trkpt lat="46.096630000000005" lon="12.325600000000001">
    <ele>399.5</ele>
   </trkpt>
   <trkpt lat="46.0964" lon="12.32567">
    <ele>399.91</ele>
   </trkpt>
   <trkpt lat="46.09586000025337" lon="12.325965002957625">
    <ele>400.09000000000003</ele>
   </trkpt>
   <trkpt lat="46.09532" lon="12.326260000000001">
    <ele>399.67</ele>
   </trkpt>
   <trkpt lat="46.0949" lon="12.32642">
    <ele>398.68</ele>
   </trkpt>
   <trkpt lat="46.094730000000006" lon="12.32652">
    <ele>398.8</ele>
   </trkpt>
   <trkpt lat="46.09460000000001" lon="12.32666">
    <ele>398.94</ele>
   </trkpt>
   <trkpt lat="46.09447" lon="12.32685">
    <ele>399.05</ele>
   </trkpt>
   <trkpt lat="46.09412000447779" lon="12.327570009227072">
    <ele>400.62</ele>
   </trkpt>
   <trkpt lat="46.093770004434916" lon="12.328290009315149">
    <ele>403.36000000000007</ele>
   </trkpt>
   <trkpt lat="46.09342" lon="12.32901">
    <ele>405.29</ele>
   </trkpt>
   <trkpt lat="46.09331" lon="12.329180000000001">
    <ele>405.85</ele>
   </trkpt>
   <trkpt lat="46.093180000000004" lon="12.329320000000001">
    <ele>406.72</ele>
   </trkpt>
   <trkpt lat="46.09255" lon="12.32967">
    <ele>410.40000000000003</ele>
   </trkpt>
   <trkpt lat="46.09243" lon="12.32976">
    <ele>410.40000000000003</ele>
   </trkpt>
   <trkpt lat="46.09232" lon="12.3299">
    <ele>413.66</ele>
   </trkpt>
   <trkpt lat="46.09201" lon="12.330380000000002">
    <ele>414.68000000000006</ele>
   </trkpt>
   <trkpt lat="46.091950000000004" lon="12.330580000000001">
    <ele>416.78000000000003</ele>
   </trkpt>
   <trkpt lat="46.09187000000001" lon="12.331320000000002">
    <ele>419.75</ele>
   </trkpt>
   <trkpt lat="46.091820000000006" lon="12.331560000000001">
    <ele>420.77000000000004</ele>
   </trkpt>
   <trkpt lat="46.09172" lon="12.33182">
    <ele>421.50000000000006</ele>
   </trkpt>
   <trkpt lat="46.091530000000006" lon="12.332130000000001">
    <ele>422.37</ele>
   </trkpt>
   <trkpt lat="46.09116" lon="12.3327">
    <ele>423.92</ele>
   </trkpt>
   <trkpt lat="46.09046000000001" lon="12.333480000000002">
    <ele>427.7900000000001</ele>
   </trkpt>
   <trkpt lat="46.09037000000001" lon="12.333520000000002">
    <ele>427.7900000000001</ele>
   </trkpt>
   <trkpt lat="46.09017" lon="12.33356">
    <ele>428.6</ele>
   </trkpt>
   <trkpt lat="46.09008" lon="12.333590000000001">
    <ele>428.6</ele>
   </trkpt>
   <trkpt lat="46.09001000000001" lon="12.33365">
    <ele>428.87</ele>
   </trkpt>
   <trkpt lat="46.08995" lon="12.333720000000001">
    <ele>429.11</ele>
   </trkpt>
   <trkpt lat="46.089920000000006" lon="12.33383">
    <ele>429.11</ele>
   </trkpt>
   <trkpt lat="46.089920000000006" lon="12.334060000000001">
    <ele>429.70000000000005</ele>
   </trkpt>
   <trkpt lat="46.09001000000001" lon="12.334740000000002">
    <ele>431.3</ele>
   </trkpt>
   <trkpt lat="46.08997" lon="12.33486">
    <ele>431.3</ele>
   </trkpt>
   <trkpt lat="46.089870000000005" lon="12.334940000000001">
    <ele>431.78000000000003</ele>
   </trkpt>
   <trkpt lat="46.08981000000001" lon="12.334950000000001">
    <ele>432.08</ele>
   </trkpt>
   <trkpt lat="46.089710000000004" lon="12.33491">
    <ele>432.42</ele>
   </trkpt>
   <trkpt lat="46.089150000000004" lon="12.334510000000002">
    <ele>435.63</ele>
   </trkpt>
   <trkpt lat="46.089000000000006" lon="12.334370000000002">
    <ele>436.34000000000003</ele>
   </trkpt>
   <trkpt lat="46.08867" lon="12.33398">
    <ele>438.48</ele>
   </trkpt>
   <trkpt lat="46.08851000000001" lon="12.333900000000002">
    <ele>438.48</ele>
   </trkpt>
   <trkpt lat="46.088390000000004" lon="12.33388">
    <ele>440.51</ele>
   </trkpt>
   <trkpt lat="46.08773" lon="12.333900000000002">
    <ele>442.63</ele>
   </trkpt>
   <trkpt lat="46.0872400000965" lon="12.333879999826207">
    <ele>445.56</ele>
   </trkpt>
   <trkpt lat="46.08675" lon="12.333860000000001">
    <ele>447.44000000000005</ele>
   </trkpt>
   <trkpt lat="46.08653" lon="12.333900000000002">
    <ele>448.86</ele>
   </trkpt>
   <trkpt lat="46.086330000000004" lon="12.334010000000001">
    <ele>448.86</ele>
   </trkpt>
   <trkpt lat="46.086200000000005" lon="12.33411">
    <ele>450.38000000000005</ele>
   </trkpt>
   <trkpt lat="46.0861" lon="12.33422">
    <ele>450.38000000000005</ele>
   </trkpt>
   <trkpt lat="46.0859" lon="12.33458">
    <ele>452.65000000000003</ele>
   </trkpt>
   <trkpt lat="46.08583" lon="12.334750000000001">
    <ele>452.65000000000003</ele>
   </trkpt>
   <trkpt lat="46.085800000000006" lon="12.334930000000002">
    <ele>453.29</ele>
   </trkpt>
   <trkpt lat="46.085770000000004" lon="12.33534">
    <ele>454.68</ele>
   </trkpt>
   <trkpt lat="46.08579" lon="12.335600000000001">
    <ele>455.85</ele>
   </trkpt>
   <trkpt lat="46.08594" lon="12.3366">
    <ele>461.29</ele>
   </trkpt>
   <trkpt lat="46.085950000000004" lon="12.336780000000001">
    <ele>461.61</ele>
   </trkpt>
   <trkpt lat="46.085910000000005" lon="12.337040000000002">
    <ele>462.36</ele>
   </trkpt>
   <trkpt lat="46.08585" lon="12.33721">
    <ele>464.01000000000005</ele>
   </trkpt>
   <trkpt lat="46.085800000000006" lon="12.337290000000001">
    <ele>464.01000000000005</ele>
   </trkpt>
   <trkpt lat="46.08568" lon="12.337420000000002">
    <ele>464.44</ele>
   </trkpt>
   <trkpt lat="46.085510000000006" lon="12.337510000000002">
    <ele>465.22</ele>
   </trkpt>
   <trkpt lat="46.086130000000004" lon="12.337510000000002">
    <ele>464.29</ele>
   </trkpt>
   <trkpt lat="46.086470000000006" lon="12.33754">
    <ele>464.31000000000006</ele>
   </trkpt>
   <trkpt lat="46.08657" lon="12.337530000000001">
    <ele>464.31000000000006</ele>
   </trkpt>
   <trkpt lat="46.086780000000005" lon="12.33758">
    <ele>463.73</ele>
   </trkpt>
   <trkpt lat="46.086920000000006" lon="12.33764">
    <ele>463.73</ele>
   </trkpt>
   <trkpt lat="46.08710000000001" lon="12.337790000000002">
    <ele>462.99</ele>
   </trkpt>
   <trkpt lat="46.087250000000004" lon="12.337980000000002">
    <ele>462.42</ele>
   </trkpt>
   <trkpt lat="46.08759000220318" lon="12.338684995729315">
    <ele>460.59000000000003</ele>
   </trkpt>
   <trkpt lat="46.08793000000001" lon="12.339390000000002">
    <ele>458.91</ele>
   </trkpt>
   <trkpt lat="46.08803" lon="12.339540000000001">
    <ele>458.91</ele>
   </trkpt>
   <trkpt lat="46.08838" lon="12.339950000000002">
    <ele>457.04</ele>
   </trkpt>
   <trkpt lat="46.088570000000004" lon="12.34022">
    <ele>455.71000000000004</ele>
   </trkpt>
   <trkpt lat="46.08869000000001" lon="12.3406">
    <ele>455.45</ele>
   </trkpt>
   <trkpt lat="46.08878000000001" lon="12.341140000000001">
    <ele>453.85</ele>
   </trkpt>
   <trkpt lat="46.08894" lon="12.34182">
    <ele>452.16</ele>
   </trkpt>
   <trkpt lat="46.08896000000001" lon="12.342220000000001">
    <ele>451.34000000000003</ele>
   </trkpt>
   <trkpt lat="46.08896000000001" lon="12.34266">
    <ele>449.90000000000003</ele>
   </trkpt>
   <trkpt lat="46.08899" lon="12.342880000000001">
    <ele>449.35</ele>
   </trkpt>
   <trkpt lat="46.08905" lon="12.343010000000001">
    <ele>448.25</ele>
   </trkpt>
   <trkpt lat="46.08916000000001" lon="12.34312">
    <ele>448.25</ele>
   </trkpt>
   <trkpt lat="46.089270000000006" lon="12.34317">
    <ele>447.55000000000007</ele>
   </trkpt>
   <trkpt lat="46.08935" lon="12.34318">
    <ele>447.55000000000007</ele>
   </trkpt>
   <trkpt lat="46.08945000000001" lon="12.343150000000001">
    <ele>447.55000000000007</ele>
   </trkpt>
   <trkpt lat="46.08977" lon="12.343000000000002">
    <ele>444.50000000000006</ele>
   </trkpt>
   <trkpt lat="46.09042" lon="12.34265">
    <ele>441.73</ele>
   </trkpt>
   <trkpt lat="46.090740000000004" lon="12.342450000000001">
    <ele>440.8</ele>
   </trkpt>
   <trkpt lat="46.09085" lon="12.342360000000001">
    <ele>440.66</ele>
   </trkpt>
   <trkpt lat="46.09096" lon="12.34224">
    <ele>440.4</ele>
   </trkpt>
   <trkpt lat="46.09149" lon="12.341230000000001">
    <ele>438.65000000000003</ele>
   </trkpt>
   <trkpt lat="46.091750000000005" lon="12.340890000000002">
    <ele>437.1700000000001</ele>
   </trkpt>
   <trkpt lat="46.091910000000006" lon="12.34074">
    <ele>436.66</ele>
   </trkpt>
   <trkpt lat="46.092090000000006" lon="12.34068">
    <ele>436.28000000000003</ele>
   </trkpt>
   <trkpt lat="46.09228" lon="12.340700000000002">
    <ele>435.96</ele>
   </trkpt>
   <trkpt lat="46.092740000000006" lon="12.34078">
    <ele>434.55</ele>
   </trkpt>
   <trkpt lat="46.09290000000001" lon="12.34083">
    <ele>434.55</ele>
   </trkpt>
   <trkpt lat="46.093050000000005" lon="12.34092">
    <ele>433.92</ele>
   </trkpt>
   <trkpt lat="46.093230000000005" lon="12.34107">
    <ele>433.66</ele>
   </trkpt>
   <trkpt lat="46.09348000000001" lon="12.341380000000001">
    <ele>432.83000000000004</ele>
   </trkpt>
   <trkpt lat="46.093610000000005" lon="12.341470000000001">
    <ele>432.42</ele>
   </trkpt>
   <trkpt lat="46.09427" lon="12.34181">
    <ele>431.91</ele>
   </trkpt>
   <trkpt lat="46.09442000000001" lon="12.34191">
    <ele>431.43</ele>
   </trkpt>
   <trkpt lat="46.09456" lon="12.342030000000001">
    <ele>431.27000000000004</ele>
   </trkpt>
   <trkpt lat="46.09514401087674" lon="12.3428199665247">
    <ele>428.86</ele>
   </trkpt>
   <trkpt lat="46.09572801631148" lon="12.343609949781314">
    <ele>426.92</ele>
   </trkpt>
   <trkpt lat="46.09631201630402" lon="12.344399949770386">
    <ele>425.21000000000004</ele>
   </trkpt>
   <trkpt lat="46.09689601085413" lon="12.345189966492454">
    <ele>423.93</ele>
   </trkpt>
   <trkpt lat="46.097480000000004" lon="12.34598">
    <ele>422.77000000000004</ele>
   </trkpt>
   <trkpt lat="46.097590000000004" lon="12.346060000000001">
    <ele>422.49</ele>
   </trkpt>
   <trkpt lat="46.097770000000004" lon="12.346150000000002">
    <ele>421.86</ele>
   </trkpt>
   <trkpt lat="46.09796" lon="12.346200000000001">
    <ele>421.86</ele>
   </trkpt>
   <trkpt lat="46.09879" lon="12.346340000000001">
    <ele>419.49</ele>
   </trkpt>
   <trkpt lat="46.09893" lon="12.346400000000001">
    <ele>419.49</ele>
   </trkpt>
   <trkpt lat="46.099030000000006" lon="12.346480000000001">
    <ele>418.89000000000004</ele>
   </trkpt>
   <trkpt lat="46.09939500055765" lon="12.346884997144228">
    <ele>417.88</ele>
   </trkpt>
   <trkpt lat="46.09976" lon="12.347290000000001">
    <ele>416.6</ele>
   </trkpt>
   <trkpt lat="46.100080000000005" lon="12.347600000000002">
    <ele>415.43</ele>
   </trkpt>
   <trkpt lat="46.1004" lon="12.34796">
    <ele>414.74000000000007</ele>
   </trkpt>
   <trkpt lat="46.1009" lon="12.348370000000001">
    <ele>413.29</ele>
   </trkpt>
   <trkpt lat="46.10149000216251" lon="12.349074992450213">
    <ele>411.68000000000006</ele>
   </trkpt>
   <trkpt lat="46.10208" lon="12.34978">
    <ele>410.1</ele>
   </trkpt>
   <trkpt lat="46.10278" lon="12.350570000000001">
    <ele>408.55</ele>
   </trkpt>
   <trkpt lat="46.10333000000001" lon="12.351320000000001">
    <ele>406.86000000000007</ele>
   </trkpt>
   <trkpt lat="46.10376667039284" lon="12.351969989765415">
    <ele>405.48</ele>
   </trkpt>
   <trkpt lat="46.104203337101445" lon="12.352619989827724">
    <ele>404.07000000000005</ele>
   </trkpt>
   <trkpt lat="46.10464" lon="12.35327">
    <ele>402.86000000000007</ele>
   </trkpt>
   <trkpt lat="46.10484" lon="12.35349">
    <ele>402.64000000000004</ele>
   </trkpt>
   <trkpt lat="46.10511" lon="12.353660000000001">
    <ele>401.4800000000001</ele>
   </trkpt>
   <trkpt lat="46.10569000028655" lon="12.353929997144666">
    <ele>399.06</ele>
   </trkpt>
   <trkpt lat="46.10627" lon="12.3542">
    <ele>398.56</ele>
   </trkpt>
   <trkpt lat="46.1064" lon="12.35424">
    <ele>398.33</ele>
   </trkpt>
   <trkpt lat="46.10652" lon="12.354260000000002">
    <ele>398.42</ele>
   </trkpt>
   <trkpt lat="46.10674" lon="12.35421">
    <ele>398.43</ele>
   </trkpt>
   <trkpt lat="46.10687" lon="12.354140000000001">
    <ele>398.43</ele>
   </trkpt>
   <trkpt lat="46.10746" lon="12.353760000000001">
    <ele>398.74</ele>
   </trkpt>
   <trkpt lat="46.107670000000006" lon="12.353700000000002">
    <ele>398.74</ele>
   </trkpt>
   <trkpt lat="46.107760000000006" lon="12.353700000000002">
    <ele>398.74</ele>
   </trkpt>
   <trkpt lat="46.107940000000006" lon="12.353760000000001">
    <ele>398.74</ele>
   </trkpt>
   <trkpt lat="46.108090000000004" lon="12.353840000000002">
    <ele>399.84000000000003</ele>
   </trkpt>
   <trkpt lat="46.10850000000001" lon="12.354130000000001">
    <ele>399.84000000000003</ele>
   </trkpt>
   <trkpt lat="46.10866" lon="12.354190000000001">
    <ele>400.1</ele>
   </trkpt>
   <trkpt lat="46.109350000000006" lon="12.354360000000002">
    <ele>400.72</ele>
   </trkpt>
   <trkpt lat="46.1101" lon="12.354800000000001">
    <ele>401.06</ele>
   </trkpt>
   <trkpt lat="46.110240000000005" lon="12.35485">
    <ele>401.08000000000004</ele>
   </trkpt>
   <trkpt lat="46.110380000000006" lon="12.354870000000002">
    <ele>401.13000000000005</ele>
   </trkpt>
   <trkpt lat="46.11055" lon="12.354830000000002">
    <ele>401.13000000000005</ele>
   </trkpt>
   <trkpt lat="46.11079" lon="12.35471">
    <ele>401.21</ele>
   </trkpt>
   <trkpt lat="46.111320000000006" lon="12.354310000000002">
    <ele>401.39000000000004</ele>
   </trkpt>
   <trkpt lat="46.111630000000005" lon="12.35415">
    <ele>401.43</ele>
   </trkpt>
   <trkpt lat="46.111920000000005" lon="12.35411">
    <ele>401.43</ele>
   </trkpt>
   <trkpt lat="46.112100000000005" lon="12.35411">
    <ele>401.27</ele>
   </trkpt>
   <trkpt lat="46.112320000000004" lon="12.354170000000002">
    <ele>401.24</ele>
   </trkpt>
   <trkpt lat="46.112480000000005" lon="12.35424">
    <ele>401.22</ele>
   </trkpt>
   <trkpt lat="46.11269" lon="12.354400000000002">
    <ele>401.22</ele>
   </trkpt>
   <trkpt lat="46.113340001423595" lon="12.35496499336382">
    <ele>401.21</ele>
   </trkpt>
   <trkpt lat="46.11399" lon="12.355530000000002">
    <ele>401.13000000000005</ele>
   </trkpt>
   <trkpt lat="46.11457" lon="12.35599">
    <ele>401.11</ele>
   </trkpt>
   <trkpt lat="46.11495500062591" lon="12.35634499759036">
    <ele>400.87000000000006</ele>
   </trkpt>
   <trkpt lat="46.11534" lon="12.356700000000002">
    <ele>400.84000000000003</ele>
   </trkpt>
   <trkpt lat="46.11598500126793" lon="12.357199994285587">
    <ele>400.68</ele>
   </trkpt>
   <trkpt lat="46.11663" lon="12.357700000000001">
    <ele>401.26</ele>
   </trkpt>
   <trkpt lat="46.11686" lon="12.357790000000001">
    <ele>401.71</ele>
   </trkpt>
   <trkpt lat="46.117070000000005" lon="12.357850000000001">
    <ele>401.71</ele>
   </trkpt>
   <trkpt lat="46.11731" lon="12.35787">
    <ele>401.90000000000003</ele>
   </trkpt>
   <trkpt lat="46.117540000000005" lon="12.35786">
    <ele>402.17</ele>
   </trkpt>
   <trkpt lat="46.11773" lon="12.35782">
    <ele>402.39000000000004</ele>
   </trkpt>
   <trkpt lat="46.11834000036713" lon="12.357593338382014">
    <ele>402.99</ele>
   </trkpt>
   <trkpt lat="46.11895000028624" lon="12.357366671745478">
    <ele>403.21</ele>
   </trkpt>
   <trkpt lat="46.11956000000001" lon="12.357140000000001">
    <ele>403.13000000000005</ele>
   </trkpt>
   <trkpt lat="46.119910000000004" lon="12.35702">
    <ele>402.36000000000007</ele>
   </trkpt>
   <trkpt lat="46.120090000000005" lon="12.35692">
    <ele>400.74</ele>
   </trkpt>
   <trkpt lat="46.12015" lon="12.356800000000002">
    <ele>400.34000000000003</ele>
   </trkpt>
   <trkpt lat="46.12019" lon="12.356770000000001">
    <ele>400.34000000000003</ele>
   </trkpt>
   <trkpt lat="46.12024" lon="12.356760000000001">
    <ele>399.84000000000003</ele>
   </trkpt>
   <trkpt lat="46.120290000000004" lon="12.35678">
    <ele>399.84000000000003</ele>
   </trkpt>
   <trkpt lat="46.12033" lon="12.35682">
    <ele>399.84000000000003</ele>
   </trkpt>
   <trkpt lat="46.12055" lon="12.35678">
    <ele>399.73</ele>
   </trkpt>
   <trkpt lat="46.12138" lon="12.3564">
    <ele>396.68</ele>
   </trkpt>
   <trkpt lat="46.12215000039991" lon="12.356105004115083">
    <ele>395.46000000000004</ele>
   </trkpt>
   <trkpt lat="46.12292" lon="12.355810000000002">
    <ele>394.99</ele>
   </trkpt>
   <trkpt lat="46.123400000000004" lon="12.35557">
    <ele>395.02000000000004</ele>
   </trkpt>
   <trkpt lat="46.123650000000005" lon="12.355350000000001">
    <ele>395.53000000000003</ele>
   </trkpt>
   <trkpt lat="46.123900000000006" lon="12.355070000000001">
    <ele>396.51000000000005</ele>
   </trkpt>
   <trkpt lat="46.124280000837494" lon="12.354615003216475">
    <ele>397.38</ele>
   </trkpt>
   <trkpt lat="46.124660000000006" lon="12.35416">
    <ele>399.14000000000004</ele>
   </trkpt>
   <trkpt lat="46.12507500110706" lon="12.35369500331887">
    <ele>399.4200000000001</ele>
   </trkpt>
   <trkpt lat="46.125490000000006" lon="12.353230000000002">
    <ele>399.56</ele>
   </trkpt>
   <trkpt lat="46.125985001756106" lon="12.35260000562843">
    <ele>399.12</ele>
   </trkpt>
   <trkpt lat="46.12648" lon="12.351970000000001">
    <ele>398.45000000000005</ele>
   </trkpt>
   <trkpt lat="46.12693" lon="12.35133">
    <ele>397.95000000000005</ele>
   </trkpt>
   <trkpt lat="46.127450002517165" lon="12.350580006986789">
    <ele>397.5400000000001</ele>
   </trkpt>
   <trkpt lat="46.127970000000005" lon="12.34983">
    <ele>396.90000000000003</ele>
   </trkpt>
   <trkpt lat="46.12852500323564" lon="12.348970008648172">
    <ele>396.35</ele>
   </trkpt>
   <trkpt lat="46.12908" lon="12.34811">
    <ele>395.74</ele>
   </trkpt>
   <trkpt lat="46.12957" lon="12.347290000000001">
    <ele>394.93000000000006</ele>
   </trkpt>
   <trkpt lat="46.13007001295302" lon="12.34629502709002">
    <ele>394.31000000000006</ele>
   </trkpt>
   <trkpt lat="46.13057001727348" lon="12.345300036115118">
    <ele>394.22</ele>
   </trkpt>
   <trkpt lat="46.131070012961054" lon="12.344305027074963">
    <ele>394.59000000000003</ele>
   </trkpt>
   <trkpt lat="46.13157" lon="12.34331">
    <ele>395.19000000000005</ele>
   </trkpt>
   <trkpt lat="46.13168" lon="12.343210000000001">
    <ele>395.19000000000005</ele>
   </trkpt>
   <trkpt lat="46.131910000000005" lon="12.34312">
    <ele>395.38</ele>
   </trkpt>
   <trkpt lat="46.13208" lon="12.342970000000001">
    <ele>395.59000000000003</ele>
   </trkpt>
   <trkpt lat="46.13212" lon="12.342830000000001">
    <ele>395.73</ele>
   </trkpt>
   <trkpt lat="46.13221" lon="12.342740000000001">
    <ele>395.73</ele>
   </trkpt>
   <trkpt lat="46.13228" lon="12.342450000000001">
    <ele>395.78000000000003</ele>
   </trkpt>
   <trkpt lat="46.13228" lon="12.342120000000001">
    <ele>395.73</ele>
   </trkpt>
   <trkpt lat="46.132180000000005" lon="12.341750000000001">
    <ele>395.75000000000006</ele>
   </trkpt>
   <trkpt lat="46.13215" lon="12.34144">
    <ele>395.68</ele>
   </trkpt>
   <trkpt lat="46.13215" lon="12.341170000000002">
    <ele>395.64000000000004</ele>
   </trkpt>
   <trkpt lat="46.132300002508686" lon="12.340405002302065">
    <ele>395.34000000000003</ele>
   </trkpt>
   <trkpt lat="46.132450000000006" lon="12.339640000000001">
    <ele>394.42</ele>
   </trkpt>
   <trkpt lat="46.132560000000005" lon="12.339020000000001">
    <ele>393.89</ele>
   </trkpt>
   <trkpt lat="46.13257" lon="12.338560000000001">
    <ele>393.13000000000005</ele>
   </trkpt>
   <trkpt lat="46.13251" lon="12.337280000000002">
    <ele>392.51</ele>
   </trkpt>
   <trkpt lat="46.13237500412505" lon="12.336309997786195">
    <ele>391.41</ele>
   </trkpt>
   <trkpt lat="46.13224" lon="12.33534">
    <ele>390.71000000000004</ele>
   </trkpt>
   <trkpt lat="46.13208000446768" lon="12.334329997192865">
    <ele>390.0</ele>
   </trkpt>
   <trkpt lat="46.13192" lon="12.33332">
    <ele>388.65000000000003</ele>
   </trkpt>
   <trkpt lat="46.1319" lon="12.33294">
    <ele>388.3</ele>
   </trkpt>
   <trkpt lat="46.13197" lon="12.332400000000002">
    <ele>387.93000000000006</ele>
   </trkpt>
   <trkpt lat="46.13211500178314" lon="12.331765001561822">
    <ele>387.38000000000005</ele>
   </trkpt>
   <trkpt lat="46.13226" lon="12.331130000000002">
    <ele>387.04</ele>
   </trkpt>
   <trkpt lat="46.13237" lon="12.330570000000002">
    <ele>386.72</ele>
   </trkpt>
   <trkpt lat="46.13239" lon="12.3299">
    <ele>386.24</ele>
   </trkpt>
   <trkpt lat="46.132370005918716" lon="12.328734999654516">
    <ele>385.0</ele>
   </trkpt>
   <trkpt lat="46.13235" lon="12.327570000000001">
    <ele>383.81000000000006</ele>
   </trkpt>
   <trkpt lat="46.13238669491356" lon="12.326431670488018">
    <ele>383.39</ele>
   </trkpt>
   <trkpt lat="46.132423378528" lon="12.325293339459385">
    <ele>382.64000000000004</ele>
   </trkpt>
   <trkpt lat="46.13246005084329" lon="12.324155006914562">
    <ele>382.15000000000003</ele>
   </trkpt>
   <trkpt lat="46.1324967118594" lon="12.323016672854015">
    <ele>381.83000000000004</ele>
   </trkpt>
   <trkpt lat="46.13253336157631" lon="12.321878337278207">
    <ele>381.73</ele>
   </trkpt>
   <trkpt lat="46.13257" lon="12.32074">
    <ele>381.93000000000006</ele>
   </trkpt>
   <trkpt lat="46.132540007222914" lon="12.319829999069936">
    <ele>382.36</ele>
   </trkpt>
   <trkpt lat="46.13251000722493" lon="12.318919999131138">
    <ele>382.99000000000007</ele>
   </trkpt>
   <trkpt lat="46.13248" lon="12.318010000000001">
    <ele>383.8</ele>
   </trkpt>
   <trkpt lat="46.132400000000004" lon="12.31742">
    <ele>385.26000000000005</ele>
   </trkpt>
   <trkpt lat="46.132340000000006" lon="12.31727">
    <ele>385.49000000000007</ele>
   </trkpt>
   <trkpt lat="46.13224" lon="12.317150000000002">
    <ele>385.64000000000004</ele>
   </trkpt>
   <trkpt lat="46.13179" lon="12.31714">
    <ele>385.46000000000004</ele>
   </trkpt>
   <trkpt lat="46.13154" lon="12.317150000000002">
    <ele>385.57</ele>
   </trkpt>
   <trkpt lat="46.13109500005679" lon="12.317260000887758">
    <ele>385.79</ele>
   </trkpt>
   <trkpt lat="46.13065" lon="12.31737">
    <ele>386.14000000000004</ele>
   </trkpt>
   <trkpt lat="46.130160000000004" lon="12.31755">
    <ele>386.94</ele>
   </trkpt>
   <trkpt lat="46.129580000000004" lon="12.317820000000001">
    <ele>387.94</ele>
   </trkpt>
   <trkpt lat="46.129200000000004" lon="12.317900000000002">
    <ele>389.04</ele>
   </trkpt>
   <trkpt lat="46.12888" lon="12.31793">
    <ele>389.5</ele>
   </trkpt>
   <trkpt lat="46.12854" lon="12.318010000000001">
    <ele>389.68</ele>
   </trkpt>
   <trkpt lat="46.127790000000005" lon="12.318320000000002">
    <ele>390.06</ele>
   </trkpt>
   <trkpt lat="46.12698" lon="12.31873">
    <ele>390.24</ele>
   </trkpt>
   <trkpt lat="46.12679000000001" lon="12.318790000000002">
    <ele>390.45</ele>
   </trkpt>
   <trkpt lat="46.12657" lon="12.31883">
    <ele>390.6</ele>
   </trkpt>
   <trkpt lat="46.126200000000004" lon="12.318850000000001">
    <ele>390.83</ele>
   </trkpt>
   <trkpt lat="46.126070000000006" lon="12.318880000000002">
    <ele>390.76000000000005</ele>
   </trkpt>
   <trkpt lat="46.12528000037575" lon="12.319180004308508">
    <ele>389.88</ele>
   </trkpt>
   <trkpt lat="46.12449" lon="12.31948">
    <ele>389.49000000000007</ele>
   </trkpt>
   <trkpt lat="46.12415000000001" lon="12.319640000000001">
    <ele>389.39</ele>
   </trkpt>
   <trkpt lat="46.12386" lon="12.31986">
    <ele>389.39</ele>
   </trkpt>
   <trkpt lat="46.123296669570884" lon="12.320436678455257">
    <ele>389.51</ele>
   </trkpt>
   <trkpt lat="46.122733336241964" lon="12.321013345117246">
    <ele>389.65000000000003</ele>
   </trkpt>
   <trkpt lat="46.122170000000004" lon="12.32159">
    <ele>390.1</ele>
   </trkpt>
   <trkpt lat="46.12142" lon="12.322230000000001">
    <ele>392.74</ele>
   </trkpt>
   <trkpt lat="46.12104" lon="12.322470000000001">
    <ele>393.49</ele>
   </trkpt>
   <trkpt lat="46.12037000061734" lon="12.32281000407697">
    <ele>394.70000000000005</ele>
   </trkpt>
   <trkpt lat="46.1197" lon="12.323150000000002">
    <ele>395.36</ele>
   </trkpt>
   <trkpt lat="46.11912" lon="12.323500000000001">
    <ele>395.71</ele>
   </trkpt>
   <trkpt lat="46.11898" lon="12.32357">
    <ele>395.76000000000005</ele>
   </trkpt>
   <trkpt lat="46.11834" lon="12.323630000000001">
    <ele>396.27</ele>
   </trkpt>
   <trkpt lat="46.11754000017911" lon="12.323860003354007">
    <ele>396.66</ele>
   </trkpt>
   <trkpt lat="46.11674000000001" lon="12.324090000000002">
    <ele>397.44</ele>
   </trkpt>
   <trkpt lat="46.11652" lon="12.32417">
    <ele>397.74</ele>
   </trkpt>
   <trkpt lat="46.11608000021511" lon="12.324405001890096">
    <ele>398.56</ele>
   </trkpt>
   <trkpt lat="46.115640000000006" lon="12.32464">
    <ele>399.86</ele>
   </trkpt>
   <trkpt lat="46.11535000000001" lon="12.324810000000001">
    <ele>400.57000000000005</ele>
   </trkpt>
   <trkpt lat="46.115280000000006" lon="12.32487">
    <ele>400.76</ele>
   </trkpt>
   <trkpt lat="46.115120000000005" lon="12.325080000000002">
    <ele>401.03000000000003</ele>
   </trkpt>
   <trkpt lat="46.11488000000001" lon="12.325600000000001">
    <ele>401.39000000000004</ele>
   </trkpt>
   <trkpt lat="46.1148" lon="12.32572">
    <ele>401.51000000000005</ele>
   </trkpt>
   <trkpt lat="46.11462" lon="12.32591">
    <ele>401.4800000000001</ele>
   </trkpt>
   <trkpt lat="46.11451" lon="12.325980000000001">
    <ele>401.33</ele>
   </trkpt>
   <trkpt lat="46.11419" lon="12.32609">
    <ele>400.36</ele>
   </trkpt>
   <trkpt lat="46.113400000000006" lon="12.326220000000001">
    <ele>397.96000000000004</ele>
   </trkpt>
   <trkpt lat="46.1131" lon="12.326220000000001">
    <ele>396.64000000000004</ele>
   </trkpt>
   <trkpt lat="46.11296" lon="12.326200000000002">
    <ele>396.64000000000004</ele>
   </trkpt>
   <trkpt lat="46.112410000000004" lon="12.326030000000001">
    <ele>394.43000000000006</ele>
   </trkpt>
   <trkpt lat="46.111810000000006" lon="12.325880000000002">
    <ele>392.74</ele>
   </trkpt>
   <trkpt lat="46.11159000000001" lon="12.325870000000002">
    <ele>392.11</ele>
   </trkpt>
   <trkpt lat="46.11146" lon="12.325890000000001">
    <ele>392.11</ele>
   </trkpt>
   <trkpt lat="46.111200000000004" lon="12.325990000000001">
    <ele>391.56</ele>
   </trkpt>
   <trkpt lat="46.11074000029356" lon="12.326270002366266">
    <ele>390.78000000000003</ele>
   </trkpt>
   <trkpt lat="46.11028" lon="12.326550000000001">
    <ele>390.27</ele>
   </trkpt>
   <trkpt lat="46.10965" lon="12.32707">
    <ele>390.28000000000003</ele>
   </trkpt>
   <trkpt lat="46.109030000000004" lon="12.32754">
    <ele>390.33</ele>
   </trkpt>
   <trkpt lat="46.10886000000001" lon="12.32764">
    <ele>390.45</ele>
   </trkpt>
   <trkpt lat="46.10871" lon="12.327700000000002">
    <ele>390.46000000000004</ele>
   </trkpt>
   <trkpt lat="46.10855" lon="12.327720000000001">
    <ele>390.43000000000006</ele>
   </trkpt>
   <trkpt lat="46.108000000000004" lon="12.327710000000002">
    <ele>390.22</ele>
   </trkpt>
   <trkpt lat="46.1079" lon="12.32774">
    <ele>390.22</ele>
   </trkpt>
   <trkpt lat="46.10755" lon="12.327960000000001">
    <ele>390.3</ele>
   </trkpt>
   <trkpt lat="46.107260000000004" lon="12.328090000000001">
    <ele>390.44</ele>
   </trkpt>
   <trkpt lat="46.106789999836145" lon="12.328140000444904">
    <ele>390.58000000000004</ele>
   </trkpt>
   <trkpt lat="46.106320000000004" lon="12.328190000000001">
    <ele>390.94</ele>
   </trkpt>
   <trkpt lat="46.10609" lon="12.328170000000002">
    <ele>391.07</ele>
   </trkpt>
   <trkpt lat="46.10530000000001" lon="12.327990000000002">
    <ele>391.40000000000003</ele>
   </trkpt>
   <trkpt lat="46.10513" lon="12.32793">
    <ele>391.40000000000003</ele>
   </trkpt>
   <trkpt lat="46.1043" lon="12.3275">
    <ele>391.93000000000006</ele>
   </trkpt>
   <trkpt lat="46.10417" lon="12.32741">
    <ele>392.07</ele>
   </trkpt>
   <trkpt lat="46.10380000000001" lon="12.327060000000001">
    <ele>392.93000000000006</ele>
   </trkpt>
   <trkpt lat="46.103370000000005" lon="12.3268">
    <ele>394.01</ele>
   </trkpt>
   <trkpt lat="46.103" lon="12.32665">
    <ele>394.29</ele>
   </trkpt>
   <trkpt lat="46.10236000019608" lon="12.326489996278534">
    <ele>395.23</ele>
   </trkpt>
   <trkpt lat="46.10172000016894" lon="12.326329996271802">
    <ele>396.15000000000003</ele>
   </trkpt>
   <trkpt lat="46.10108" lon="12.326170000000001">
    <ele>396.67</ele>
   </trkpt>
   <trkpt lat="46.10080000000001" lon="12.326120000000001">
    <ele>397.19000000000005</ele>
   </trkpt>
   <trkpt lat="46.09996" lon="12.326030000000001">
    <ele>397.84000000000003</ele>
   </trkpt>
   <trkpt lat="46.09912000000285" lon="12.325904998085997">
    <ele>398.35</ele>
   </trkpt>
   <trkpt lat="46.09828" lon="12.325780000000002">
    <ele>398.53000000000003</ele>
   </trkpt>
   <trkpt lat="46.097559999997465" lon="12.325684998754033">
    <ele>398.76000000000005</ele>
   </trkpt>
   <trkpt lat="46.09684" lon="12.325590000000002">
    <ele>399.5</ele>
   </trkpt>
   <trkpt lat="46.096630000000005" lon="12.325600000000001">
    <ele>399.5</ele>
   </trkpt>
   <trkpt lat="46.0964" lon="12.32567">
    <ele>399.91</ele>
   </trkpt>
   <trkpt lat="46.09586000025337" lon="12.325965002957625">
    <ele>400.09000000000003</ele>
   </trkpt>
   <trkpt lat="46.09532" lon="12.326260000000001">
    <ele>398.90000000000003</ele>
   </trkpt>
   <trkpt lat="46.0949" lon="12.32642">
    <ele>398.68</ele>
   </trkpt>
   <trkpt lat="46.094730000000006" lon="12.32652">
    <ele>398.8</ele>
   </trkpt>
   <trkpt lat="46.09460000000001" lon="12.32666">
    <ele>398.94</ele>
   </trkpt>
   <trkpt lat="46.09447" lon="12.32685">
    <ele>399.05</ele>
   </trkpt>
   <trkpt lat="46.09412000447779" lon="12.327570009227072">
    <ele>400.62</ele>
   </trkpt>
   <trkpt lat="46.093770004434916" lon="12.328290009315149">
    <ele>403.36000000000007</ele>
   </trkpt>
   <trkpt lat="46.09342" lon="12.32901">
    <ele>405.29</ele>
   </trkpt>
   <trkpt lat="46.09331" lon="12.329180000000001">
    <ele>405.85</ele>
   </trkpt>
   <trkpt lat="46.093180000000004" lon="12.329320000000001">
    <ele>406.72</ele>
   </trkpt>
   <trkpt lat="46.09255" lon="12.32967">
    <ele>410.40000000000003</ele>
   </trkpt>
   <trkpt lat="46.09243" lon="12.32976">
    <ele>410.40000000000003</ele>
   </trkpt>
   <trkpt lat="46.09232" lon="12.3299">
    <ele>413.66</ele>
   </trkpt>
   <trkpt lat="46.09201" lon="12.330380000000002">
    <ele>414.68000000000006</ele>
   </trkpt>
   <trkpt lat="46.091950000000004" lon="12.330580000000001">
    <ele>416.78000000000003</ele>
   </trkpt>
   <trkpt lat="46.09187000000001" lon="12.331320000000002">
    <ele>419.75</ele>
   </trkpt>
   <trkpt lat="46.091820000000006" lon="12.331560000000001">
    <ele>420.77000000000004</ele>
   </trkpt>
   <trkpt lat="46.09172" lon="12.33182">
    <ele>421.50000000000006</ele>
   </trkpt>
   <trkpt lat="46.091530000000006" lon="12.332130000000001">
    <ele>422.37</ele>
   </trkpt>
   <trkpt lat="46.09116" lon="12.3327">
    <ele>423.92</ele>
   </trkpt>
   <trkpt lat="46.09046000000001" lon="12.333480000000002">
    <ele>427.7900000000001</ele>
   </trkpt>
   <trkpt lat="46.09037000000001" lon="12.333520000000002">
    <ele>427.7900000000001</ele>
   </trkpt>
   <trkpt lat="46.09017" lon="12.33356">
    <ele>428.6</ele>
   </trkpt>
   <trkpt lat="46.09008" lon="12.333590000000001">
    <ele>428.87</ele>
   </trkpt>
   <trkpt lat="46.09001000000001" lon="12.33365">
    <ele>429.11</ele>
   </trkpt>
   <trkpt lat="46.08995" lon="12.333720000000001">
    <ele>429.11</ele>
   </trkpt>
   <trkpt lat="46.089920000000006" lon="12.33383">
    <ele>429.11</ele>
   </trkpt>
   <trkpt lat="46.089920000000006" lon="12.334060000000001">
    <ele>429.70000000000005</ele>
   </trkpt>
   <trkpt lat="46.09001000000001" lon="12.334740000000002">
    <ele>431.3</ele>
   </trkpt>
   <trkpt lat="46.08997" lon="12.33486">
    <ele>431.3</ele>
   </trkpt>
   <trkpt lat="46.089870000000005" lon="12.334940000000001">
    <ele>432.08</ele>
   </trkpt>
   <trkpt lat="46.08981000000001" lon="12.334950000000001">
    <ele>432.08</ele>
   </trkpt>
   <trkpt lat="46.089710000000004" lon="12.33491">
    <ele>432.42</ele>
   </trkpt>
   <trkpt lat="46.089150000000004" lon="12.334510000000002">
    <ele>435.63</ele>
   </trkpt>
   <trkpt lat="46.089000000000006" lon="12.334370000000002">
    <ele>436.34000000000003</ele>
   </trkpt>
   <trkpt lat="46.08867" lon="12.33398">
    <ele>438.48</ele>
   </trkpt>
   <trkpt lat="46.08851000000001" lon="12.333900000000002">
    <ele>438.48</ele>
   </trkpt>
   <trkpt lat="46.088390000000004" lon="12.33388">
    <ele>440.51</ele>
   </trkpt>
   <trkpt lat="46.08773" lon="12.333900000000002">
    <ele>442.63</ele>
   </trkpt>
   <trkpt lat="46.0872400000965" lon="12.333879999826207">
    <ele>445.56</ele>
   </trkpt>
   <trkpt lat="46.08675" lon="12.333860000000001">
    <ele>447.44000000000005</ele>
   </trkpt>
   <trkpt lat="46.08653" lon="12.333900000000002">
    <ele>448.86</ele>
   </trkpt>
   <trkpt lat="46.086330000000004" lon="12.334010000000001">
    <ele>448.86</ele>
   </trkpt>
   <trkpt lat="46.086200000000005" lon="12.33411">
    <ele>450.38000000000005</ele>
   </trkpt>
   <trkpt lat="46.0861" lon="12.33422">
    <ele>450.38000000000005</ele>
   </trkpt>
   <trkpt lat="46.08601" lon="12.334340000000001">
    <ele>451.05000000000007</ele>
   </trkpt>
   <trkpt lat="46.0859" lon="12.33458">
    <ele>452.46000000000004</ele>
   </trkpt>
   <trkpt lat="46.085840000000005" lon="12.334750000000001">
    <ele>453.29</ele>
   </trkpt>
   <trkpt lat="46.085800000000006" lon="12.334930000000002">
    <ele>453.29</ele>
   </trkpt>
   <trkpt lat="46.085770000000004" lon="12.33534">
    <ele>455.85</ele>
   </trkpt>
   <trkpt lat="46.08579" lon="12.335600000000001">
    <ele>457.06</ele>
   </trkpt>
   <trkpt lat="46.08594" lon="12.3366">
    <ele>461.29</ele>
   </trkpt>
   <trkpt lat="46.085950000000004" lon="12.336780000000001">
    <ele>461.61</ele>
   </trkpt>
   <trkpt lat="46.085910000000005" lon="12.337040000000002">
    <ele>462.36</ele>
   </trkpt>
   <trkpt lat="46.08585" lon="12.33721">
    <ele>464.01000000000005</ele>
   </trkpt>
   <trkpt lat="46.085800000000006" lon="12.337290000000001">
    <ele>464.01000000000005</ele>
   </trkpt>
   <trkpt lat="46.08568" lon="12.337420000000002">
    <ele>464.44</ele>
   </trkpt>
   <trkpt lat="46.085510000000006" lon="12.337510000000002">
    <ele>465.22</ele>
   </trkpt>
   <trkpt lat="46.08532" lon="12.337530000000001">
    <ele>466.4200000000001</ele>
   </trkpt>
   <trkpt lat="46.085080000000005" lon="12.33745">
    <ele>467.29</ele>
   </trkpt>
   <trkpt lat="46.084970000000006" lon="12.33735">
    <ele>467.29</ele>
   </trkpt>
   <trkpt lat="46.08469" lon="12.336900000000002">
    <ele>470.30000000000007</ele>
   </trkpt>
   <trkpt lat="46.084430000000005" lon="12.336400000000001">
    <ele>472.93</ele>
   </trkpt>
   <trkpt lat="46.084320000000005" lon="12.33622">
    <ele>472.93</ele>
   </trkpt>
   <trkpt lat="46.08408000000001" lon="12.335970000000001">
    <ele>476.25000000000006</ele>
   </trkpt>
   <trkpt lat="46.083830000000006" lon="12.335840000000001">
    <ele>477.56</ele>
   </trkpt>
   <trkpt lat="46.083600000000004" lon="12.3358">
    <ele>479.55</ele>
   </trkpt>
   <trkpt lat="46.08314000000001" lon="12.33576">
    <ele>481.09000000000003</ele>
   </trkpt>
   <trkpt lat="46.082820000000005" lon="12.335780000000002">
    <ele>482.35</ele>
   </trkpt>
   <trkpt lat="46.082570000000004" lon="12.335820000000002">
    <ele>483.63000000000005</ele>
   </trkpt>
   <trkpt lat="46.08229" lon="12.3359">
    <ele>485.02000000000004</ele>
   </trkpt>
   <trkpt lat="46.081535000215865" lon="12.33618000387834">
    <ele>486.95000000000005</ele>
   </trkpt>
   <trkpt lat="46.080780000000004" lon="12.33646">
    <ele>487.36</ele>
   </trkpt>
   <trkpt lat="46.080110000000005" lon="12.33669">
    <ele>486.62000000000006</ele>
   </trkpt>
   <trkpt lat="46.0799" lon="12.33674">
    <ele>486.12000000000006</ele>
   </trkpt>
   <trkpt lat="46.07978000000001" lon="12.336720000000001">
    <ele>485.71000000000004</ele>
   </trkpt>
   <trkpt lat="46.07968" lon="12.336670000000002">
    <ele>485.40000000000003</ele>
   </trkpt>
   <trkpt lat="46.079600000000006" lon="12.336590000000001">
    <ele>485.40000000000003</ele>
   </trkpt>
   <trkpt lat="46.07949000000001" lon="12.336340000000002">
    <ele>483.85</ele>
   </trkpt>
   <trkpt lat="46.07923" lon="12.335170000000002">
    <ele>479.05</ele>
   </trkpt>
   <trkpt lat="46.079100000000004" lon="12.33469">
    <ele>477.38</ele>
   </trkpt>
   <trkpt lat="46.078990000000005" lon="12.334410000000002">
    <ele>476.05</ele>
   </trkpt>
   <trkpt lat="46.07883" lon="12.334050000000001">
    <ele>474.30000000000007</ele>
   </trkpt>
   <trkpt lat="46.07871" lon="12.33392">
    <ele>474.30000000000007</ele>
   </trkpt>
   <trkpt lat="46.07856" lon="12.333850000000002">
    <ele>474.30000000000007</ele>
   </trkpt>
   <trkpt lat="46.078410000000005" lon="12.333860000000001">
    <ele>472.33000000000004</ele>
   </trkpt>
   <trkpt lat="46.07826" lon="12.333950000000002">
    <ele>471.74000000000007</ele>
   </trkpt>
   <trkpt lat="46.07818" lon="12.33407">
    <ele>471.20000000000005</ele>
   </trkpt>
   <trkpt lat="46.077830000000006" lon="12.33482">
    <ele>467.3</ele>
   </trkpt>
   <trkpt lat="46.0778" lon="12.334950000000001">
    <ele>466.74</ele>
   </trkpt>
   <trkpt lat="46.07779" lon="12.3351">
    <ele>466.15000000000003</ele>
   </trkpt>
   <trkpt lat="46.077830000000006" lon="12.335270000000001">
    <ele>466.15000000000003</ele>
   </trkpt>
   <trkpt lat="46.077890000000004" lon="12.335410000000001">
    <ele>464.27</ele>
   </trkpt>
   <trkpt lat="46.07818" lon="12.33586">
    <ele>461.69000000000005</ele>
   </trkpt>
   <trkpt lat="46.07831" lon="12.336100000000002">
    <ele>461.0</ele>
   </trkpt>
   <trkpt lat="46.07836" lon="12.336310000000001">
    <ele>459.76000000000005</ele>
   </trkpt>
   <trkpt lat="46.07835" lon="12.33651">
    <ele>459.07000000000005</ele>
   </trkpt>
   <trkpt lat="46.078320000000005" lon="12.336620000000002">
    <ele>458.66</ele>
   </trkpt>
   <trkpt lat="46.07826" lon="12.336720000000001">
    <ele>458.22</ele>
   </trkpt>
   <trkpt lat="46.07815" lon="12.336810000000002">
    <ele>457.20000000000005</ele>
   </trkpt>
   <trkpt lat="46.078010000000006" lon="12.336850000000002">
    <ele>457.20000000000005</ele>
   </trkpt>
   <trkpt lat="46.077920000000006" lon="12.336820000000001">
    <ele>456.01</ele>
   </trkpt>
   <trkpt lat="46.077500000158075" lon="12.336514997498762">
    <ele>453.73</ele>
   </trkpt>
   <trkpt lat="46.07708" lon="12.336210000000001">
    <ele>450.76000000000005</ele>
   </trkpt>
   <trkpt lat="46.076950000000004" lon="12.336030000000001">
    <ele>449.51</ele>
   </trkpt>
   <trkpt lat="46.076930000000004" lon="12.33594">
    <ele>449.51</ele>
   </trkpt>
   <trkpt lat="46.07692" lon="12.334840000000002">
    <ele>446.08000000000004</ele>
   </trkpt>
   <trkpt lat="46.07686" lon="12.334480000000001">
    <ele>443.03000000000003</ele>
   </trkpt>
   <trkpt lat="46.076800000000006" lon="12.33421">
    <ele>440.64000000000004</ele>
   </trkpt>
   <trkpt lat="46.07672" lon="12.33398">
    <ele>440.64000000000004</ele>
   </trkpt>
   <trkpt lat="46.076640000000005" lon="12.333850000000002">
    <ele>439.85</ele>
   </trkpt>
   <trkpt lat="46.076550000000005" lon="12.333820000000001">
    <ele>439.85</ele>
   </trkpt>
   <trkpt lat="46.076420000000006" lon="12.333850000000002">
    <ele>439.85</ele>
   </trkpt>
   <trkpt lat="46.076330000000006" lon="12.333960000000001">
    <ele>436.41</ele>
   </trkpt>
   <trkpt lat="46.075805004729396" lon="12.335000009867809">
    <ele>432.00000000000006</ele>
   </trkpt>
   <trkpt lat="46.07528000000001" lon="12.33604">
    <ele>425.91</ele>
   </trkpt>
   <trkpt lat="46.074850000000005" lon="12.33702">
    <ele>422.48</ele>
   </trkpt>
   <trkpt lat="46.07473" lon="12.33774">
    <ele>421.48</ele>
   </trkpt>
   <trkpt lat="46.07466" lon="12.337860000000001">
    <ele>419.59000000000003</ele>
   </trkpt>
   <trkpt lat="46.07444" lon="12.338040000000001">
    <ele>419.59000000000003</ele>
   </trkpt>
   <trkpt lat="46.074180000000005" lon="12.338310000000002">
    <ele>418.24000000000007</ele>
   </trkpt>
   <trkpt lat="46.074070000000006" lon="12.338460000000001">
    <ele>417.37</ele>
   </trkpt>
   <trkpt lat="46.073980000000006" lon="12.33866">
    <ele>416.79</ele>
   </trkpt>
   <trkpt lat="46.07388" lon="12.338980000000001">
    <ele>415.23</ele>
   </trkpt>
   <trkpt lat="46.07358000000001" lon="12.33965">
    <ele>412.62000000000006</ele>
   </trkpt>
   <trkpt lat="46.0735" lon="12.33988">
    <ele>411.99</ele>
   </trkpt>
   <trkpt lat="46.07334" lon="12.34063">
    <ele>409.03000000000003</ele>
   </trkpt>
   <trkpt lat="46.073310000000006" lon="12.340700000000002">
    <ele>409.03000000000003</ele>
   </trkpt>
   <trkpt lat="46.073220000000006" lon="12.340810000000001">
    <ele>406.53000000000003</ele>
   </trkpt>
   <trkpt lat="46.07282000000001" lon="12.341090000000001">
    <ele>405.35</ele>
   </trkpt>
   <trkpt lat="46.07258" lon="12.3414">
    <ele>403.27</ele>
   </trkpt>
   <trkpt lat="46.072480000000006" lon="12.341460000000001">
    <ele>403.27</ele>
   </trkpt>
   <trkpt lat="46.072250000000004" lon="12.34153">
    <ele>401.57000000000005</ele>
   </trkpt>
   <trkpt lat="46.07206" lon="12.34154">
    <ele>400.29</ele>
   </trkpt>
   <trkpt lat="46.071940000000005" lon="12.34153">
    <ele>400.29</ele>
   </trkpt>
   <trkpt lat="46.07182" lon="12.34148">
    <ele>398.90000000000003</ele>
   </trkpt>
   <trkpt lat="46.071200000000005" lon="12.34102">
    <ele>395.71</ele>
   </trkpt>
   <trkpt lat="46.07097" lon="12.34093">
    <ele>395.71</ele>
   </trkpt>
   <trkpt lat="46.070890000000006" lon="12.34092">
    <ele>395.71</ele>
   </trkpt>
   <trkpt lat="46.070660000000004" lon="12.340840000000002">
    <ele>393.8</ele>
   </trkpt>
   <trkpt lat="46.07065" lon="12.34083">
    <ele>393.8</ele>
   </trkpt>
   <trkpt lat="46.07052" lon="12.340710000000001">
    <ele>391.49</ele>
   </trkpt>
   <trkpt lat="46.07029000000001" lon="12.340380000000001">
    <ele>390.29</ele>
   </trkpt>
   <trkpt lat="46.07003" lon="12.33993">
    <ele>388.79</ele>
   </trkpt>
   <trkpt lat="46.069950000000006" lon="12.33975">
    <ele>388.1</ele>
   </trkpt>
   <trkpt lat="46.06978" lon="12.33919">
    <ele>385.55</ele>
   </trkpt>
   <trkpt lat="46.069680000000005" lon="12.33895">
    <ele>384.57</ele>
   </trkpt>
   <trkpt lat="46.069280000000006" lon="12.338460000000001">
    <ele>382.96000000000004</ele>
   </trkpt>
   <trkpt lat="46.06913" lon="12.33824">
    <ele>382.02000000000004</ele>
   </trkpt>
   <trkpt lat="46.068870000000004" lon="12.337750000000002">
    <ele>379.01</ele>
   </trkpt>
   <trkpt lat="46.06866" lon="12.33744">
    <ele>378.13</ele>
   </trkpt>
   <trkpt lat="46.06846" lon="12.337190000000001">
    <ele>376.4</ele>
   </trkpt>
   <trkpt lat="46.06819" lon="12.33694">
    <ele>375.70000000000005</ele>
   </trkpt>
   <trkpt lat="46.06786" lon="12.336770000000001">
    <ele>372.88000000000005</ele>
   </trkpt>
   <trkpt lat="46.067530000000005" lon="12.33665">
    <ele>371.51</ele>
   </trkpt>
   <trkpt lat="46.067080000000004" lon="12.336450000000001">
    <ele>370.32000000000005</ele>
   </trkpt>
   <trkpt lat="46.06662" lon="12.33613">
    <ele>366.65000000000003</ele>
   </trkpt>
   <trkpt lat="46.066340000000004" lon="12.33591">
    <ele>365.24</ele>
   </trkpt>
   <trkpt lat="46.06615" lon="12.33571">
    <ele>363.84000000000003</ele>
   </trkpt>
   <trkpt lat="46.06598" lon="12.33547">
    <ele>361.82000000000005</ele>
   </trkpt>
   <trkpt lat="46.065510002822855" lon="12.334664993141564">
    <ele>358.52</ele>
   </trkpt>
   <trkpt lat="46.06504" lon="12.333860000000001">
    <ele>354.94</ele>
   </trkpt>
   <trkpt lat="46.064890000000005" lon="12.333530000000001">
    <ele>352.94</ele>
   </trkpt>
   <trkpt lat="46.06463" lon="12.333020000000001">
    <ele>351.48</ele>
   </trkpt>
   <trkpt lat="46.06418" lon="12.332460000000001">
    <ele>348.73</ele>
   </trkpt>
   <trkpt lat="46.06389" lon="12.33205">
    <ele>346.26</ele>
   </trkpt>
   <trkpt lat="46.063420004103236" lon="12.331366655077119">
    <ele>342.08000000000004</ele>
   </trkpt>
   <trkpt lat="46.06295000413435" lon="12.330683321789186">
    <ele>340.0</ele>
   </trkpt>
   <trkpt lat="46.06248" lon="12.330000000000002">
    <ele>335.86</ele>
   </trkpt>
   <trkpt lat="46.061930000000004" lon="12.329110000000002">
    <ele>332.65</ele>
   </trkpt>
   <trkpt lat="46.06163" lon="12.328700000000001">
    <ele>331.17</ele>
   </trkpt>
   <trkpt lat="46.06125" lon="12.32835">
    <ele>327.82</ele>
   </trkpt>
   <trkpt lat="46.060700000000004" lon="12.327770000000001">
    <ele>325.75000000000006</ele>
   </trkpt>
   <trkpt lat="46.06029" lon="12.327090000000002">
    <ele>323.11</ele>
   </trkpt>
   <trkpt lat="46.06013" lon="12.326880000000001">
    <ele>321.41</ele>
   </trkpt>
   <trkpt lat="46.059650000000005" lon="12.32637">
    <ele>319.47</ele>
   </trkpt>
   <trkpt lat="46.05921000000001" lon="12.325840000000001">
    <ele>316.91</ele>
   </trkpt>
   <trkpt lat="46.05880000054329" lon="12.325499997507922">
    <ele>313.90000000000003</ele>
   </trkpt>
   <trkpt lat="46.05839" lon="12.32516">
    <ele>311.67</ele>
   </trkpt>
   <trkpt lat="46.05807" lon="12.32488">
    <ele>310.59000000000003</ele>
   </trkpt>
   <trkpt lat="46.05756" lon="12.324230000000002">
    <ele>307.63</ele>
   </trkpt>
   <trkpt lat="46.056990000000006" lon="12.323670000000002">
    <ele>305.75</ele>
   </trkpt>
   <trkpt lat="46.05682" lon="12.323350000000001">
    <ele>305.57</ele>
   </trkpt>
   <trkpt lat="46.05668000000001" lon="12.322700000000001">
    <ele>305.11</ele>
   </trkpt>
   <trkpt lat="46.05662" lon="12.322540000000002">
    <ele>303.74</ele>
   </trkpt>
   <trkpt lat="46.056560000000005" lon="12.32243">
    <ele>303.74</ele>
   </trkpt>
   <trkpt lat="46.05612000000001" lon="12.321890000000002">
    <ele>302.77000000000004</ele>
   </trkpt>
   <trkpt lat="46.05561" lon="12.321340000000001">
    <ele>302.24</ele>
   </trkpt>
   <trkpt lat="46.05536" lon="12.321140000000002">
    <ele>301.78000000000003</ele>
   </trkpt>
   <trkpt lat="46.05503" lon="12.32097">
    <ele>300.95000000000005</ele>
   </trkpt>
   <trkpt lat="46.054880000000004" lon="12.32083">
    <ele>300.16</ele>
   </trkpt>
   <trkpt lat="46.054570000000005" lon="12.32047">
    <ele>297.94000000000005</ele>
   </trkpt>
   <trkpt lat="46.0544" lon="12.320200000000002">
    <ele>296.59000000000003</ele>
   </trkpt>
   <trkpt lat="46.05429" lon="12.319920000000002">
    <ele>294.84000000000003</ele>
   </trkpt>
   <trkpt lat="46.054190000000006" lon="12.319560000000001">
    <ele>292.74</ele>
   </trkpt>
   <trkpt lat="46.054080000000006" lon="12.318620000000001">
    <ele>290.12000000000006</ele>
   </trkpt>
   <trkpt lat="46.053870001667605" lon="12.317989997415298">
    <ele>286.21000000000004</ele>
   </trkpt>
   <trkpt lat="46.05366" lon="12.31736">
    <ele>284.23</ele>
   </trkpt>
   <trkpt lat="46.05350000000001" lon="12.31708">
    <ele>283.17</ele>
   </trkpt>
   <trkpt lat="46.05335" lon="12.3169">
    <ele>283.2</ele>
   </trkpt>
   <trkpt lat="46.052632009855536" lon="12.316147960886473">
    <ele>283.90999999999997</ele>
   </trkpt>
   <trkpt lat="46.05191401477905" lon="12.315395941326392">
    <ele>285.07000000000005</ele>
   </trkpt>
   <trkpt lat="46.051196014770824" lon="12.314643941318895">
    <ele>285.29</ele>
   </trkpt>
   <trkpt lat="46.05047800983108" lon="12.313891960863117">
    <ele>286.54</ele>
   </trkpt>
   <trkpt lat="46.049760000000006" lon="12.31314">
    <ele>289.00000000000006</ele>
   </trkpt>
   <trkpt lat="46.0492575067876" lon="12.312419980358403">
    <ele>288.82</ele>
   </trkpt>
   <trkpt lat="46.04875500905414" lon="12.311699973817365">
    <ele>288.54</ele>
   </trkpt>
   <trkpt lat="46.04825250679984" lon="12.310979980376542">
    <ele>288.18000000000006</ele>
   </trkpt>
   <trkpt lat="46.04775" lon="12.310260000000001">
    <ele>289.26</ele>
   </trkpt>
   <trkpt lat="46.04739500107393" lon="12.309739996504135">
    <ele>291.48</ele>
   </trkpt>
   <trkpt lat="46.04704" lon="12.309220000000002">
    <ele>292.38</ele>
   </trkpt>
   <trkpt lat="46.046800000000005" lon="12.30902">
    <ele>292.40000000000003</ele>
   </trkpt>
   <trkpt lat="46.046075000352495" lon="12.308709995903005">
    <ele>287.74000000000007</ele>
   </trkpt>
   <trkpt lat="46.045350000000006" lon="12.3084">
    <ele>284.71000000000004</ele>
   </trkpt>
   <trkpt lat="46.045260000000006" lon="12.30832">
    <ele>283.90999999999997</ele>
   </trkpt>
   <trkpt lat="46.045120000000004" lon="12.308000000000002">
    <ele>281.95000000000005</ele>
   </trkpt>
   <trkpt lat="46.044940000000004" lon="12.307260000000001">
    <ele>278.21</ele>
   </trkpt>
   <trkpt lat="46.044850000000004" lon="12.307020000000001">
    <ele>277.06</ele>
   </trkpt>
   <trkpt lat="46.044720000000005" lon="12.306830000000001">
    <ele>277.06</ele>
   </trkpt>
   <trkpt lat="46.044540000000005" lon="12.306690000000001">
    <ele>274.87</ele>
   </trkpt>
   <trkpt lat="46.04437" lon="12.306650000000001">
    <ele>272.92</ele>
   </trkpt>
   <trkpt lat="46.043620000000004" lon="12.306790000000001">
    <ele>268.29</ele>
   </trkpt>
   <trkpt lat="46.04287" lon="12.306820000000002">
    <ele>264.39</ele>
   </trkpt>
   <trkpt lat="46.042750000000005" lon="12.306870000000002">
    <ele>260.99</ele>
   </trkpt>
   <trkpt lat="46.04258" lon="12.307020000000001">
    <ele>260.99</ele>
   </trkpt>
   <trkpt lat="46.04249" lon="12.307210000000001">
    <ele>260.47</ele>
   </trkpt>
   <trkpt lat="46.04243" lon="12.307440000000001">
    <ele>259.01</ele>
   </trkpt>
   <trkpt lat="46.04242000000001" lon="12.30774">
    <ele>257.44</ele>
   </trkpt>
   <trkpt lat="46.042440000000006" lon="12.308060000000001">
    <ele>257.44</ele>
   </trkpt>
   <trkpt lat="46.04242000000001" lon="12.308280000000002">
    <ele>254.20000000000005</ele>
   </trkpt>
   <trkpt lat="46.04238" lon="12.308440000000001">
    <ele>254.20000000000005</ele>
   </trkpt>
   <trkpt lat="46.04233000000001" lon="12.308560000000002">
    <ele>254.20000000000005</ele>
   </trkpt>
   <trkpt lat="46.04224000000001" lon="12.30869">
    <ele>252.67</ele>
   </trkpt>
   <trkpt lat="46.04216" lon="12.30873">
    <ele>252.67</ele>
   </trkpt>
   <trkpt lat="46.04204000000001" lon="12.30877">
    <ele>251.09000000000003</ele>
   </trkpt>
   <trkpt lat="46.041900000000005" lon="12.308760000000001">
    <ele>251.09000000000003</ele>
   </trkpt>
   <trkpt lat="46.04149" lon="12.308580000000001">
    <ele>247.68</ele>
   </trkpt>
   <trkpt lat="46.041050000000006" lon="12.308340000000001">
    <ele>244.71</ele>
   </trkpt>
   <trkpt lat="46.0409" lon="12.308290000000001">
    <ele>244.71</ele>
   </trkpt>
   <trkpt lat="46.04075" lon="12.30836">
    <ele>243.34000000000003</ele>
   </trkpt>
   <trkpt lat="46.040180001467334" lon="12.30893000582969">
    <ele>240.11</ele>
   </trkpt>
   <trkpt lat="46.03961" lon="12.309500000000002">
    <ele>233.99000000000004</ele>
   </trkpt>
   <trkpt lat="46.03931" lon="12.309780000000002">
    <ele>230.67000000000002</ele>
   </trkpt>
   <trkpt lat="46.03909" lon="12.309940000000001">
    <ele>229.78</ele>
   </trkpt>
   <trkpt lat="46.038880000000006" lon="12.310030000000001">
    <ele>227.98000000000002</ele>
   </trkpt>
   <trkpt lat="46.038630000000005" lon="12.310070000000001">
    <ele>226.52</ele>
   </trkpt>
   <trkpt lat="46.03837" lon="12.310020000000002">
    <ele>224.71</ele>
   </trkpt>
   <trkpt lat="46.03822" lon="12.30995">
    <ele>224.06</ele>
   </trkpt>
   <trkpt lat="46.03774500075838" lon="12.30950999613818">
    <ele>219.39000000000001</ele>
   </trkpt>
   <trkpt lat="46.03727000000001" lon="12.30907">
    <ele>214.8</ele>
   </trkpt>
   <trkpt lat="46.03699" lon="12.30892">
    <ele>212.22000000000003</ele>
   </trkpt>
   <trkpt lat="46.03614" lon="12.3086">
    <ele>207.69</ele>
   </trkpt>
   <trkpt lat="46.03575000000001" lon="12.30832">
    <ele>204.54000000000002</ele>
   </trkpt>
   <trkpt lat="46.035360000000004" lon="12.307910000000001">
    <ele>201.0</ele>
   </trkpt>
   <trkpt lat="46.03481500259231" lon="12.307134992318984">
    <ele>194.36</ele>
   </trkpt>
   <trkpt lat="46.03427000000001" lon="12.306360000000002">
    <ele>191.21</ele>
   </trkpt>
   <trkpt lat="46.034020000000005" lon="12.306070000000002">
    <ele>190.04000000000002</ele>
   </trkpt>
   <trkpt lat="46.03342333674022" lon="12.305446653226412">
    <ele>188.47000000000003</ele>
   </trkpt>
   <trkpt lat="46.032826670091886" lon="12.304823319912439">
    <ele>187.96</ele>
   </trkpt>
   <trkpt lat="46.032230000000006" lon="12.304200000000002">
    <ele>187.49</ele>
   </trkpt>
   <trkpt lat="46.03204" lon="12.303960000000002">
    <ele>187.81</ele>
   </trkpt>
   <trkpt lat="46.03181000000001" lon="12.303560000000001">
    <ele>188.81</ele>
   </trkpt>
   <trkpt lat="46.031505002187814" lon="12.302854996156979">
    <ele>189.58</ele>
   </trkpt>
   <trkpt lat="46.031200000000005" lon="12.302150000000001">
    <ele>189.83</ele>
   </trkpt>
   <trkpt lat="46.031090000000006" lon="12.302010000000001">
    <ele>189.82000000000002</ele>
   </trkpt>
   <trkpt lat="46.030840000000005" lon="12.30184">
    <ele>189.52</ele>
   </trkpt>
   <trkpt lat="46.03076" lon="12.301820000000001">
    <ele>189.52</ele>
   </trkpt>
   <trkpt lat="46.030660000000005" lon="12.30183">
    <ele>188.71</ele>
   </trkpt>
   <trkpt lat="46.03054" lon="12.30193">
    <ele>188.26000000000002</ele>
   </trkpt>
   <trkpt lat="46.030350000000006" lon="12.302290000000001">
    <ele>186.41000000000003</ele>
   </trkpt>
   <trkpt lat="46.030080000000005" lon="12.302660000000001">
    <ele>182.6</ele>
   </trkpt>
   <trkpt lat="46.029920000000004" lon="12.303030000000001">
    <ele>181.49</ele>
   </trkpt>
   <trkpt lat="46.029720000000005" lon="12.30366">
    <ele>179.13</ele>
   </trkpt>
   <trkpt lat="46.02966000000001" lon="12.30376">
    <ele>177.44</ele>
   </trkpt>
   <trkpt lat="46.02957000000001" lon="12.30385">
    <ele>177.44</ele>
   </trkpt>
   <trkpt lat="46.029500000000006" lon="12.30389">
    <ele>177.44</ele>
   </trkpt>
   <trkpt lat="46.029430000000005" lon="12.3039">
    <ele>176.24</ele>
   </trkpt>
   <trkpt lat="46.02933" lon="12.30389">
    <ele>176.24</ele>
   </trkpt>
   <trkpt lat="46.02919000000001" lon="12.30381">
    <ele>175.05</ele>
   </trkpt>
   <trkpt lat="46.02902" lon="12.30362">
    <ele>173.21</ele>
   </trkpt>
   <trkpt lat="46.02890000000001" lon="12.303370000000001">
    <ele>171.24</ele>
   </trkpt>
   <trkpt lat="46.02884" lon="12.303120000000002">
    <ele>171.24</ele>
   </trkpt>
   <trkpt lat="46.02877" lon="12.302230000000002">
    <ele>169.36</ele>
   </trkpt>
   <trkpt lat="46.0287" lon="12.301800000000002">
    <ele>168.48000000000002</ele>
   </trkpt>
   <trkpt lat="46.028650000000006" lon="12.3016">
    <ele>168.19</ele>
   </trkpt>
   <trkpt lat="46.02859" lon="12.30145">
    <ele>168.16</ele>
   </trkpt>
   <trkpt lat="46.028470000000006" lon="12.30122">
    <ele>168.16</ele>
   </trkpt>
   <trkpt lat="46.02792000801175" lon="12.300437476644849">
    <ele>168.07000000000002</ele>
   </trkpt>
   <trkpt lat="46.02737001068331" lon="12.299654968861725">
    <ele>167.45000000000002</ele>
   </trkpt>
   <trkpt lat="46.02682000801495" lon="12.298872476650171">
    <ele>165.56</ele>
   </trkpt>
   <trkpt lat="46.026270000000004" lon="12.29809">
    <ele>164.77</ele>
   </trkpt>
   <trkpt lat="46.02604" lon="12.29771">
    <ele>164.75</ele>
   </trkpt>
   <trkpt lat="46.025800000000004" lon="12.297210000000002">
    <ele>164.81</ele>
   </trkpt>
   <trkpt lat="46.025600000000004" lon="12.296850000000001">
    <ele>164.83</ele>
   </trkpt>
   <trkpt lat="46.025360000000006" lon="12.296470000000001">
    <ele>164.56</ele>
   </trkpt>
   <trkpt lat="46.02506" lon="12.29611">
    <ele>164.56</ele>
   </trkpt>
   <trkpt lat="46.024390000000004" lon="12.29546">
    <ele>165.04000000000002</ele>
   </trkpt>
   <trkpt lat="46.024" lon="12.295150000000001">
    <ele>165.12</ele>
   </trkpt>
   <trkpt lat="46.02389" lon="12.29508">
    <ele>165.12</ele>
   </trkpt>
   <trkpt lat="46.023590000000006" lon="12.294950000000002">
    <ele>165.29000000000002</ele>
   </trkpt>
   <trkpt lat="46.023410000000005" lon="12.29485">
    <ele>165.19</ele>
   </trkpt>
   <trkpt lat="46.023210000000006" lon="12.29466">
    <ele>165.23000000000002</ele>
   </trkpt>
   <trkpt lat="46.022640005778605" lon="12.293843316439428">
    <ele>165.11</ele>
   </trkpt>
   <trkpt lat="46.022070005740616" lon="12.293026649718605">
    <ele>165.99</ele>
   </trkpt>
   <trkpt lat="46.0215" lon="12.29221">
    <ele>168.70000000000002</ele>
   </trkpt>
   <trkpt lat="46.02122000000001" lon="12.29185">
    <ele>169.43000000000004</ele>
   </trkpt>
   <trkpt lat="46.02069" lon="12.29146">
    <ele>170.57000000000002</ele>
   </trkpt>
   <trkpt lat="46.02006666781829" lon="12.291093325053724">
    <ele>168.46000000000004</ele>
   </trkpt>
   <trkpt lat="46.019443334464036" lon="12.290726658374883">
    <ele>166.85000000000002</ele>
   </trkpt>
   <trkpt lat="46.018820000000005" lon="12.290360000000002">
    <ele>165.13000000000002</ele>
   </trkpt>
   <trkpt lat="46.018010000000004" lon="12.289840000000002">
    <ele>164.04000000000002</ele>
   </trkpt>
   <trkpt lat="46.017500000000005" lon="12.289430000000001">
    <ele>163.32000000000002</ele>
   </trkpt>
   <trkpt lat="46.017140000000005" lon="12.28908">
    <ele>163.18</ele>
   </trkpt>
   <trkpt lat="46.01688" lon="12.288900000000002">
    <ele>163.25</ele>
   </trkpt>
   <trkpt lat="46.016580000000005" lon="12.288770000000001">
    <ele>163.45000000000002</ele>
   </trkpt>
   <trkpt lat="46.01597" lon="12.28879">
    <ele>163.47</ele>
   </trkpt>
   <trkpt lat="46.015660000000004" lon="12.288730000000001">
    <ele>163.71</ele>
   </trkpt>
   <trkpt lat="46.015420000000006" lon="12.28875">
    <ele>163.76000000000002</ele>
   </trkpt>
   <trkpt lat="46.01483" lon="12.288960000000001">
    <ele>164.01000000000002</ele>
   </trkpt>
   <trkpt lat="46.014340000000004" lon="12.289000000000001">
    <ele>165.02</ele>
   </trkpt>
   <trkpt lat="46.014230000000005" lon="12.289040000000002">
    <ele>165.33</ele>
   </trkpt>
   <trkpt lat="46.014120000000005" lon="12.28911">
    <ele>165.83</ele>
   </trkpt>
   <trkpt lat="46.01402" lon="12.28921">
    <ele>166.61</ele>
   </trkpt>
   <trkpt lat="46.01397" lon="12.2893">
    <ele>167.05</ele>
   </trkpt>
   <trkpt lat="46.013780000000004" lon="12.289810000000001">
    <ele>169.08</ele>
   </trkpt>
   <trkpt lat="46.01362" lon="12.2901">
    <ele>169.68000000000004</ele>
   </trkpt>
   <trkpt lat="46.01355" lon="12.29016">
    <ele>169.67000000000002</ele>
   </trkpt>
   <trkpt lat="46.01339" lon="12.290230000000001">
    <ele>169.54000000000002</ele>
   </trkpt>
   <trkpt lat="46.01328" lon="12.290220000000001">
    <ele>169.22</ele>
   </trkpt>
   <trkpt lat="46.01297" lon="12.290000000000001">
    <ele>168.16</ele>
   </trkpt>
   <trkpt lat="46.01279" lon="12.289900000000001">
    <ele>167.10000000000002</ele>
   </trkpt>
   <trkpt lat="46.01245" lon="12.28977">
    <ele>165.98000000000002</ele>
   </trkpt>
   <trkpt lat="46.01185" lon="12.28964">
    <ele>162.81</ele>
   </trkpt>
   <trkpt lat="46.011700000000005" lon="12.289570000000001">
    <ele>161.52</ele>
   </trkpt>
   <trkpt lat="46.01149" lon="12.289390000000001">
    <ele>160.57000000000002</ele>
   </trkpt>
   <trkpt lat="46.01124" lon="12.28911">
    <ele>159.74</ele>
   </trkpt>
   <trkpt lat="46.01091" lon="12.288630000000001">
    <ele>159.89000000000001</ele>
   </trkpt>
   <trkpt lat="46.01048000140724" lon="12.28804499533623">
    <ele>159.85000000000002</ele>
   </trkpt>
   <trkpt lat="46.01005000000001" lon="12.287460000000001">
    <ele>159.98000000000002</ele>
   </trkpt>
   <trkpt lat="46.00994" lon="12.287360000000001">
    <ele>159.98000000000002</ele>
   </trkpt>
   <trkpt lat="46.009800000000006" lon="12.28728">
    <ele>160.09</ele>
   </trkpt>
   <trkpt lat="46.00965" lon="12.287230000000001">
    <ele>160.09</ele>
   </trkpt>
   <trkpt lat="46.009570000000004" lon="12.287180000000001">
    <ele>160.51000000000002</ele>
   </trkpt>
   <trkpt lat="46.009510000000006" lon="12.2871">
    <ele>160.72</ele>
   </trkpt>
   <trkpt lat="46.009460000000004" lon="12.286930000000002">
    <ele>160.72</ele>
   </trkpt>
   <trkpt lat="46.00939" lon="12.28687">
    <ele>160.54000000000002</ele>
   </trkpt>
   <trkpt lat="46.009370000000004" lon="12.28682">
    <ele>160.54000000000002</ele>
   </trkpt>
   <trkpt lat="46.009310000000006" lon="12.28649">
    <ele>160.53</ele>
   </trkpt>
   <trkpt lat="46.00925" lon="12.28639">
    <ele>160.66000000000003</ele>
   </trkpt>
   <trkpt lat="46.009150000000005" lon="12.28626">
    <ele>160.66000000000003</ele>
   </trkpt>
   <trkpt lat="46.009" lon="12.286180000000002">
    <ele>160.60000000000002</ele>
   </trkpt>
   <trkpt lat="46.00885" lon="12.286140000000001">
    <ele>160.56</ele>
   </trkpt>
   <trkpt lat="46.00810333340021" lon="12.286016663326151">
    <ele>159.4</ele>
   </trkpt>
   <trkpt lat="46.007356666667754" lon="12.28589332998201">
    <ele>158.74</ele>
   </trkpt>
   <trkpt lat="46.00661" lon="12.285770000000001">
    <ele>157.85999999999999</ele>
   </trkpt>
   <trkpt lat="46.006550000000004" lon="12.285720000000001">
    <ele>157.85999999999999</ele>
   </trkpt>
   <trkpt lat="46.00654" lon="12.285710000000002">
    <ele>157.85999999999999</ele>
   </trkpt>
   <trkpt lat="46.006530000000005" lon="12.28569">
    <ele>157.85999999999999</ele>
   </trkpt>
   <trkpt lat="46.0065" lon="12.28556">
    <ele>157.56</ele>
   </trkpt>
   <trkpt lat="46.006510000000006" lon="12.285350000000001">
    <ele>157.85999999999999</ele>
   </trkpt>
   <trkpt lat="46.00654" lon="12.28513">
    <ele>158.12</ele>
   </trkpt>
   <trkpt lat="46.00676500245291" lon="12.284375003180891">
    <ele>160.02</ele>
   </trkpt>
   <trkpt lat="46.00699" lon="12.28362">
    <ele>163.69</ele>
   </trkpt>
   <trkpt lat="46.00705000000001" lon="12.283270000000002">
    <ele>165.01000000000002</ele>
   </trkpt>
   <trkpt lat="46.00705000000001" lon="12.283050000000001">
    <ele>165.62</ele>
   </trkpt>
   <trkpt lat="46.007012521518384" lon="12.281767497432826">
    <ele>167.41</ele>
   </trkpt>
   <trkpt lat="46.00697502869194" lon="12.28048499660385">
    <ele>167.85000000000002</ele>
   </trkpt>
   <trkpt lat="46.006937521520726" lon="12.279202497513737">
    <ele>168.08</ele>
   </trkpt>
   <trkpt lat="46.0069" lon="12.277920000000002">
    <ele>168.56</ele>
   </trkpt>
   <trkpt lat="46.00685000000001" lon="12.276710000000001">
    <ele>170.18000000000004</ele>
   </trkpt>
   <trkpt lat="46.00666402428921" lon="12.275529984142981">
    <ele>173.82</ele>
   </trkpt>
   <trkpt lat="46.00647803643468" lon="12.274349976220616">
    <ele>180.22000000000003</ele>
   </trkpt>
   <trkpt lat="46.006292036436584" lon="12.273169976233318">
    <ele>185.44000000000003</ele>
   </trkpt>
   <trkpt lat="46.00610602429509" lon="12.271989984181504">
    <ele>191.87</ele>
   </trkpt>
   <trkpt lat="46.00592" lon="12.27081">
    <ele>194.73000000000002</ele>
   </trkpt>
   <trkpt lat="46.005720000000004" lon="12.2696">
    <ele>198.60000000000002</ele>
   </trkpt>
   <trkpt lat="46.005660000000006" lon="12.269290000000002">
    <ele>198.99000000000004</ele>
   </trkpt>
   <trkpt lat="46.00546000000001" lon="12.26867">
    <ele>201.68000000000004</ele>
   </trkpt>
   <trkpt lat="46.00513" lon="12.267840000000001">
    <ele>204.29000000000002</ele>
   </trkpt>
   <trkpt lat="46.004845002226645" lon="12.267124996309887">
    <ele>207.28000000000003</ele>
   </trkpt>
   <trkpt lat="46.004560000000005" lon="12.26641">
    <ele>212.05</ele>
   </trkpt>
   <trkpt lat="46.00448" lon="12.26627">
    <ele>212.05</ele>
   </trkpt>
   <trkpt lat="46.004340000000006" lon="12.26609">
    <ele>212.89000000000001</ele>
   </trkpt>
   <trkpt lat="46.00423000000001" lon="12.266000000000002">
    <ele>212.95000000000002</ele>
   </trkpt>
   <trkpt lat="46.00408" lon="12.26593">
    <ele>214.65</ele>
   </trkpt>
   <trkpt lat="46.00397" lon="12.265910000000002">
    <ele>214.65</ele>
   </trkpt>
   <trkpt lat="46.00327" lon="12.265960000000002">
    <ele>219.49</ele>
   </trkpt>
   <trkpt lat="46.00314" lon="12.26595">
    <ele>219.49</ele>
   </trkpt>
   <trkpt lat="46.00294" lon="12.265870000000001">
    <ele>219.85000000000002</ele>
   </trkpt>
   <trkpt lat="46.0028" lon="12.26576">
    <ele>221.11</ele>
   </trkpt>
   <trkpt lat="46.00267" lon="12.26562">
    <ele>221.11</ele>
   </trkpt>
   <trkpt lat="46.00255000000001" lon="12.265440000000002">
    <ele>223.48000000000002</ele>
   </trkpt>
   <trkpt lat="46.002370000000006" lon="12.265110000000002">
    <ele>224.5</ele>
   </trkpt>
   <trkpt lat="46.00185000415963" lon="12.26412999073575">
    <ele>228.57000000000002</ele>
   </trkpt>
   <trkpt lat="46.00133" lon="12.263150000000001">
    <ele>233.68000000000004</ele>
   </trkpt>
   <trkpt lat="46.00117" lon="12.262810000000002">
    <ele>234.53</ele>
   </trkpt>
   <trkpt lat="46.00103000000001" lon="12.262440000000002">
    <ele>236.03</ele>
   </trkpt>
   <trkpt lat="46.000930000000004" lon="12.26204">
    <ele>237.35000000000002</ele>
   </trkpt>
   <trkpt lat="46.00088" lon="12.261640000000002">
    <ele>238.77</ele>
   </trkpt>
   <trkpt lat="46.00088" lon="12.26111">
    <ele>239.95000000000002</ele>
   </trkpt>
   <trkpt lat="46.00099000263864" lon="12.26033500140335">
    <ele>241.22</ele>
   </trkpt>
   <trkpt lat="46.0011" lon="12.25956">
    <ele>242.03000000000003</ele>
   </trkpt>
   <trkpt lat="46.001070000000006" lon="12.25904">
    <ele>242.71</ele>
   </trkpt>
   <trkpt lat="46.001000000000005" lon="12.25866">
    <ele>243.59000000000003</ele>
   </trkpt>
   <trkpt lat="46.00088" lon="12.25833">
    <ele>244.58</ele>
   </trkpt>
   <trkpt lat="46.000420000000005" lon="12.25735">
    <ele>248.02</ele>
   </trkpt>
   <trkpt lat="46.000170000000004" lon="12.25697">
    <ele>248.68</ele>
   </trkpt>
   <trkpt lat="45.999860000000005" lon="12.25655">
    <ele>249.39000000000001</ele>
   </trkpt>
   <trkpt lat="45.99973000000001" lon="12.25628">
    <ele>249.46</ele>
   </trkpt>
   <trkpt lat="45.99938" lon="12.25539">
    <ele>249.29000000000002</ele>
   </trkpt>
   <trkpt lat="45.99899333767062" lon="12.254686656878574">
    <ele>248.39000000000001</ele>
   </trkpt>
   <trkpt lat="45.99860667102691" lon="12.253983323587146">
    <ele>246.25000000000003</ele>
   </trkpt>
   <trkpt lat="45.99822" lon="12.25328">
    <ele>245.22000000000003</ele>
   </trkpt>
   <trkpt lat="45.99785000000001" lon="12.25257">
    <ele>242.31000000000003</ele>
   </trkpt>
   <trkpt lat="45.99777" lon="12.252360000000001">
    <ele>241.94</ele>
   </trkpt>
   <trkpt lat="45.997690000000006" lon="12.252070000000002">
    <ele>241.53000000000003</ele>
   </trkpt>
   <trkpt lat="45.99763" lon="12.25172">
    <ele>240.67000000000002</ele>
   </trkpt>
   <trkpt lat="45.99761" lon="12.25121">
    <ele>239.25</ele>
   </trkpt>
   <trkpt lat="45.997660007868326" lon="12.250260001768108">
    <ele>237.8</ele>
   </trkpt>
   <trkpt lat="45.99771000786564" lon="12.24931000181925">
    <ele>235.76000000000002</ele>
   </trkpt>
   <trkpt lat="45.99776000000001" lon="12.248360000000002">
    <ele>234.57000000000002</ele>
   </trkpt>
   <trkpt lat="45.99776000000001" lon="12.247900000000001">
    <ele>233.39000000000001</ele>
   </trkpt>
   <trkpt lat="45.997690000000006" lon="12.24736">
    <ele>232.64000000000001</ele>
   </trkpt>
   <trkpt lat="45.997580000000006" lon="12.24698">
    <ele>232.03</ele>
   </trkpt>
   <trkpt lat="45.997260000000004" lon="12.246340000000002">
    <ele>231.74000000000004</ele>
   </trkpt>
   <trkpt lat="45.99675500396635" lon="12.24539499151092">
    <ele>231.44</ele>
   </trkpt>
   <trkpt lat="45.99625" lon="12.24445">
    <ele>230.78</ele>
   </trkpt>
   <trkpt lat="45.995830000000005" lon="12.24492">
    <ele>229.4</ele>
   </trkpt>
   <trkpt lat="45.99546500067784" lon="12.245310002556757">
    <ele>228.83</ele>
   </trkpt>
   <trkpt lat="45.9951" lon="12.245700000000001">
    <ele>228.81</ele>
   </trkpt>
   <trkpt lat="45.99465000000001" lon="12.246020000000001">
    <ele>228.91000000000003</ele>
   </trkpt>
   <trkpt lat="45.99405" lon="12.246340000000002">
    <ele>229.18</ele>
   </trkpt>
   <trkpt lat="45.99346000044256" lon="12.246605002763909">
    <ele>229.26000000000002</ele>
   </trkpt>
   <trkpt lat="45.99287" lon="12.246870000000001">
    <ele>229.64000000000001</ele>
   </trkpt>
   <trkpt lat="45.99271" lon="12.24688">
    <ele>229.64000000000001</ele>
   </trkpt>
   <trkpt lat="45.99259000000001" lon="12.24684">
    <ele>229.64000000000001</ele>
   </trkpt>
   <trkpt lat="45.992340000000006" lon="12.24671">
    <ele>229.82000000000002</ele>
   </trkpt>
   <trkpt lat="45.991960000000006" lon="12.24643">
    <ele>229.91000000000003</ele>
   </trkpt>
   <trkpt lat="45.99136" lon="12.245940000000001">
    <ele>229.81</ele>
   </trkpt>
   <trkpt lat="45.99096" lon="12.24549">
    <ele>229.78</ele>
   </trkpt>
   <trkpt lat="45.99046000189791" lon="12.244829994035632">
    <ele>229.84</ele>
   </trkpt>
   <trkpt lat="45.98996" lon="12.24417">
    <ele>230.27000000000004</ele>
   </trkpt>
   <trkpt lat="45.989540000000005" lon="12.243580000000001">
    <ele>230.72</ele>
   </trkpt>
   <trkpt lat="45.989220001304574" lon="12.243044997001318">
    <ele>230.82000000000002</ele>
   </trkpt>
   <trkpt lat="45.9889" lon="12.242510000000001">
    <ele>231.77000000000004</ele>
   </trkpt>
   <trkpt lat="45.988350000000004" lon="12.241530000000001">
    <ele>233.19</ele>
   </trkpt>
   <trkpt lat="45.988060000000004" lon="12.241060000000001">
    <ele>233.78</ele>
   </trkpt>
   <trkpt lat="45.98785" lon="12.2408">
    <ele>234.99000000000004</ele>
   </trkpt>
   <trkpt lat="45.98758" lon="12.240620000000002">
    <ele>235.83</ele>
   </trkpt>
   <trkpt lat="45.987230000000004" lon="12.240290000000002">
    <ele>237.86</ele>
   </trkpt>
   <trkpt lat="45.98687" lon="12.23976">
    <ele>240.39000000000001</ele>
   </trkpt>
   <trkpt lat="45.98659000000001" lon="12.23925">
    <ele>243.82</ele>
   </trkpt>
   <trkpt lat="45.98632500143716" lon="12.238664997077663">
    <ele>244.71</ele>
   </trkpt>
   <trkpt lat="45.98606" lon="12.238080000000002">
    <ele>242.13</ele>
   </trkpt>
   <trkpt lat="45.98561333861745" lon="12.237303320840267">
    <ele>239.85</ele>
   </trkpt>
   <trkpt lat="45.985166671973914" lon="12.236526654213995">
    <ele>239.05</ele>
   </trkpt>
   <trkpt lat="45.98472" lon="12.235750000000001">
    <ele>239.1</ele>
   </trkpt>
   <trkpt lat="45.98411500339821" lon="12.234869990413952">
    <ele>240.76000000000002</ele>
   </trkpt>
   <trkpt lat="45.98351" lon="12.23399">
    <ele>243.46</ele>
   </trkpt>
   <trkpt lat="45.98319" lon="12.233550000000001">
    <ele>246.05</ele>
   </trkpt>
   <trkpt lat="45.982960000000006" lon="12.233270000000001">
    <ele>249.78000000000003</ele>
   </trkpt>
   <trkpt lat="45.9825" lon="12.23291">
    <ele>252.59000000000003</ele>
   </trkpt>
   <trkpt lat="45.981860000000005" lon="12.232050000000001">
    <ele>259.02000000000004</ele>
   </trkpt>
   <trkpt lat="45.981640000000006" lon="12.23182">
    <ele>260.36</ele>
   </trkpt>
   <trkpt lat="45.981390000000005" lon="12.23168">
    <ele>262.48</ele>
   </trkpt>
   <trkpt lat="45.98106000000001" lon="12.231570000000001">
    <ele>264.74</ele>
   </trkpt>
   <trkpt lat="45.98093" lon="12.231440000000001">
    <ele>265.64000000000004</ele>
   </trkpt>
   <trkpt lat="45.98082" lon="12.231290000000001">
    <ele>267.57000000000005</ele>
   </trkpt>
   <trkpt lat="45.98031" lon="12.23046">
    <ele>272.91</ele>
   </trkpt>
   <trkpt lat="45.979960000000005" lon="12.229940000000001">
    <ele>274.96000000000004</ele>
   </trkpt>
   <trkpt lat="45.979780000000005" lon="12.229730000000002">
    <ele>274.66</ele>
   </trkpt>
   <trkpt lat="45.979130000000005" lon="12.230390000000002">
    <ele>278.36</ele>
   </trkpt>
   <trkpt lat="45.978840000000005" lon="12.230580000000002">
    <ele>278.35</ele>
   </trkpt>
   <trkpt lat="45.97862000000001" lon="12.23066">
    <ele>278.24</ele>
   </trkpt>
   <trkpt lat="45.97793500003344" lon="12.230745001051275">
    <ele>276.83000000000004</ele>
   </trkpt>
   <trkpt lat="45.977250000000005" lon="12.230830000000001">
    <ele>275.89000000000004</ele>
   </trkpt>
   <trkpt lat="45.97664666683652" lon="12.230913335134131">
    <ele>274.62</ele>
   </trkpt>
   <trkpt lat="45.97604333361246" lon="12.230996668452347">
    <ele>273.34000000000003</ele>
   </trkpt>
   <trkpt lat="45.975440000000006" lon="12.23108">
    <ele>272.2</ele>
   </trkpt>
   <trkpt lat="45.97494999999921" lon="12.231095000132779">
    <ele>270.6</ele>
   </trkpt>
   <trkpt lat="45.97446" lon="12.231110000000001">
    <ele>269.65</ele>
   </trkpt>
   <trkpt lat="45.974250000000005" lon="12.23113">
    <ele>268.85</ele>
   </trkpt>
   <trkpt lat="45.97408" lon="12.23118">
    <ele>268.69000000000005</ele>
   </trkpt>
   <trkpt lat="45.97383000000001" lon="12.231300000000001">
    <ele>268.23</ele>
   </trkpt>
   <trkpt lat="45.973650000000006" lon="12.231430000000001">
    <ele>268.15</ele>
   </trkpt>
   <trkpt lat="45.973380000000006" lon="12.23169">
    <ele>267.69000000000005</ele>
   </trkpt>
   <trkpt lat="45.973020000000005" lon="12.232090000000001">
    <ele>267.09000000000003</ele>
   </trkpt>
   <trkpt lat="45.97265500146229" lon="12.232675003903642">
    <ele>266.33</ele>
   </trkpt>
   <trkpt lat="45.97229" lon="12.233260000000001">
    <ele>266.49</ele>
   </trkpt>
   <trkpt lat="45.972030000000004" lon="12.23362">
    <ele>266.42</ele>
   </trkpt>
   <trkpt lat="45.97178" lon="12.2338">
    <ele>265.53000000000003</ele>
   </trkpt>
   <trkpt lat="45.971630000000005" lon="12.233880000000001">
    <ele>263.55</ele>
   </trkpt>
   <trkpt lat="45.97142" lon="12.23394">
    <ele>263.55</ele>
   </trkpt>
   <trkpt lat="45.97108" lon="12.2339">
    <ele>260.87000000000006</ele>
   </trkpt>
   <trkpt lat="45.97075" lon="12.233780000000001">
    <ele>259.44</ele>
   </trkpt>
   <trkpt lat="45.970600000000005" lon="12.233680000000001">
    <ele>259.44</ele>
   </trkpt>
   <trkpt lat="45.97044" lon="12.233530000000002">
    <ele>258.49</ele>
   </trkpt>
   <trkpt lat="45.96996500119248" lon="12.233004995487189">
    <ele>256.97</ele>
   </trkpt>
   <trkpt lat="45.96949" lon="12.23248">
    <ele>254.16</ele>
   </trkpt>
   <trkpt lat="45.96934" lon="12.232220000000002">
    <ele>252.70000000000002</ele>
   </trkpt>
   <trkpt lat="45.96931000000001" lon="12.23207">
    <ele>252.23000000000002</ele>
   </trkpt>
   <trkpt lat="45.969370000000005" lon="12.23165">
    <ele>248.72000000000003</ele>
   </trkpt>
   <trkpt lat="45.96936" lon="12.231520000000002">
    <ele>248.72000000000003</ele>
   </trkpt>
   <trkpt lat="45.96933000000001" lon="12.23141">
    <ele>248.72000000000003</ele>
   </trkpt>
   <trkpt lat="45.969190000000005" lon="12.231240000000001">
    <ele>248.72000000000003</ele>
   </trkpt>
   <trkpt lat="45.969060000000006" lon="12.231160000000001">
    <ele>246.62000000000003</ele>
   </trkpt>
   <trkpt lat="45.96878" lon="12.231090000000002">
    <ele>244.78000000000003</ele>
   </trkpt>
   <trkpt lat="45.96862" lon="12.231000000000002">
    <ele>243.20000000000002</ele>
   </trkpt>
   <trkpt lat="45.968540000000004" lon="12.230920000000001">
    <ele>243.20000000000002</ele>
   </trkpt>
   <trkpt lat="45.96846" lon="12.230770000000001">
    <ele>243.20000000000002</ele>
   </trkpt>
   <trkpt lat="45.96835" lon="12.23033">
    <ele>239.90000000000003</ele>
   </trkpt>
   <trkpt lat="45.96829" lon="12.23013">
    <ele>238.63</ele>
   </trkpt>
   <trkpt lat="45.968160000000005" lon="12.229940000000001">
    <ele>237.65000000000003</ele>
   </trkpt>
   <trkpt lat="45.96801000000001" lon="12.2299">
    <ele>237.21000000000004</ele>
   </trkpt>
   <trkpt lat="45.96746" lon="12.230030000000001">
    <ele>234.37</ele>
   </trkpt>
   <trkpt lat="45.96717" lon="12.230060000000002">
    <ele>233.03</ele>
   </trkpt>
   <trkpt lat="45.966770000000004" lon="12.230020000000001">
    <ele>230.54000000000002</ele>
   </trkpt>
   <trkpt lat="45.966280000000005" lon="12.229870000000002">
    <ele>229.14000000000001</ele>
   </trkpt>
   <trkpt lat="45.96602" lon="12.229700000000001">
    <ele>227.09</ele>
   </trkpt>
   <trkpt lat="45.96573" lon="12.22943">
    <ele>225.49</ele>
   </trkpt>
   <trkpt lat="45.96544" lon="12.229030000000002">
    <ele>223.72000000000003</ele>
   </trkpt>
   <trkpt lat="45.965230000000005" lon="12.228670000000001">
    <ele>222.24</ele>
   </trkpt>
   <trkpt lat="45.96504" lon="12.228280000000002">
    <ele>219.83</ele>
   </trkpt>
   <trkpt lat="45.964960000000005" lon="12.228040000000002">
    <ele>219.83</ele>
   </trkpt>
   <trkpt lat="45.96491" lon="12.227760000000002">
    <ele>215.9</ele>
   </trkpt>
   <trkpt lat="45.96491" lon="12.227340000000002">
    <ele>215.9</ele>
   </trkpt>
   <trkpt lat="45.964960000000005" lon="12.227100000000002">
    <ele>214.73</ele>
   </trkpt>
   <trkpt lat="45.965180000000004" lon="12.22653">
    <ele>212.93</ele>
   </trkpt>
   <trkpt lat="45.965210000000006" lon="12.22639">
    <ele>212.45000000000002</ele>
   </trkpt>
   <trkpt lat="45.965210000000006" lon="12.22616">
    <ele>211.35</ele>
   </trkpt>
   <trkpt lat="45.965140000000005" lon="12.225950000000001">
    <ele>210.41</ele>
   </trkpt>
   <trkpt lat="45.965070000000004" lon="12.22587">
    <ele>209.74</ele>
   </trkpt>
   <trkpt lat="45.964960000000005" lon="12.22582">
    <ele>209.19</ele>
   </trkpt>
   <trkpt lat="45.964980000000004" lon="12.22583">
    <ele>209.19</ele>
   </trkpt>
   <trkpt lat="45.964710000000004" lon="12.225790000000002">
    <ele>207.65000000000003</ele>
   </trkpt>
   <trkpt lat="45.96397249999734" lon="12.225782499700442">
    <ele>202.04000000000002</ele>
   </trkpt>
   <trkpt lat="45.96323499999418" lon="12.22577499960057">
    <ele>196.08</ele>
   </trkpt>
   <trkpt lat="45.962497499990526" lon="12.225767499700384">
    <ele>191.72000000000003</ele>
   </trkpt>
   <trkpt lat="45.961760000000005" lon="12.225760000000001">
    <ele>186.93</ele>
   </trkpt>
   <trkpt lat="45.961049999979274" lon="12.22576500006422">
    <ele>182.79</ele>
   </trkpt>
   <trkpt lat="45.96034" lon="12.22577">
    <ele>179.34000000000003</ele>
   </trkpt>
   <trkpt lat="45.96014" lon="12.225800000000001">
    <ele>177.77</ele>
   </trkpt>
   <trkpt lat="45.95994" lon="12.22586">
    <ele>175.03</ele>
   </trkpt>
   <trkpt lat="45.95975000000001" lon="12.225980000000002">
    <ele>175.03</ele>
   </trkpt>
   <trkpt lat="45.95925000064825" lon="12.226365003472745">
    <ele>171.71</ele>
   </trkpt>
   <trkpt lat="45.95875" lon="12.226750000000001">
    <ele>169.96000000000004</ele>
   </trkpt>
   <trkpt lat="45.95837" lon="12.227070000000001">
    <ele>168.22</ele>
   </trkpt>
   <trkpt lat="45.95816000000001" lon="12.227290000000002">
    <ele>167.91</ele>
   </trkpt>
   <trkpt lat="45.95796000000001" lon="12.227580000000001">
    <ele>167.83</ele>
   </trkpt>
   <trkpt lat="45.95742500373181" lon="12.22852000928904">
    <ele>165.64000000000001</ele>
   </trkpt>
   <trkpt lat="45.95689" lon="12.229460000000001">
    <ele>163.35000000000002</ele>
   </trkpt>
   <trkpt lat="45.9565400009044" lon="12.229930003047702">
    <ele>162.75</ele>
   </trkpt>
   <trkpt lat="45.95619000000001" lon="12.230400000000001">
    <ele>162.17000000000002</ele>
   </trkpt>
   <trkpt lat="45.95599000000001" lon="12.230620000000002">
    <ele>161.27</ele>
   </trkpt>
   <trkpt lat="45.95537" lon="12.23141">
    <ele>160.25</ele>
   </trkpt>
   <trkpt lat="45.95493000125304" lon="12.231935004107452">
    <ele>159.87</ele>
   </trkpt>
   <trkpt lat="45.95449000000001" lon="12.232460000000001">
    <ele>159.25</ele>
   </trkpt>
   <trkpt lat="45.95407000047304" lon="12.23283000291333">
    <ele>158.74</ele>
   </trkpt>
   <trkpt lat="45.95365" lon="12.233200000000002">
    <ele>158.29000000000002</ele>
   </trkpt>
   <trkpt lat="45.952940000000005" lon="12.233770000000002">
    <ele>156.79000000000002</ele>
   </trkpt>
   <trkpt lat="45.952670000000005" lon="12.234020000000001">
    <ele>155.95</ele>
   </trkpt>
   <trkpt lat="45.95194" lon="12.234660000000002">
    <ele>153.43</ele>
   </trkpt>
   <trkpt lat="45.95167000000001" lon="12.234990000000002">
    <ele>152.51</ele>
   </trkpt>
   <trkpt lat="45.95139" lon="12.23548">
    <ele>151.23</ele>
   </trkpt>
   <trkpt lat="45.95120000000001" lon="12.23572">
    <ele>150.26</ele>
   </trkpt>
   <trkpt lat="45.951060000000005" lon="12.235850000000001">
    <ele>149.62</ele>
   </trkpt>
   <trkpt lat="45.95031000084829" lon="12.236290005951531">
    <ele>148.28000000000003</ele>
   </trkpt>
   <trkpt lat="45.949560000000005" lon="12.236730000000001">
    <ele>145.63</ele>
   </trkpt>
   <trkpt lat="45.94944" lon="12.23685">
    <ele>145.63</ele>
   </trkpt>
   <trkpt lat="45.94886000322803" lon="12.237345015519647">
    <ele>142.57</ele>
   </trkpt>
   <trkpt lat="45.948280004318875" lon="12.237840020679883">
    <ele>140.86</ele>
   </trkpt>
   <trkpt lat="45.94770000327265" lon="12.238335015481091">
    <ele>139.16</ele>
   </trkpt>
   <trkpt lat="45.947120000000005" lon="12.238830000000002">
    <ele>137.77</ele>
   </trkpt>
   <trkpt lat="45.94662" lon="12.2392">
    <ele>135.70000000000002</ele>
   </trkpt>
   <trkpt lat="45.94614000000001" lon="12.239450000000001">
    <ele>134.93</ele>
   </trkpt>
   <trkpt lat="45.945285000612" lon="12.239835005953456">
    <ele>133.67000000000002</ele>
   </trkpt>
   <trkpt lat="45.944430000000004" lon="12.24022">
    <ele>132.38</ele>
   </trkpt>
   <trkpt lat="45.943900000000006" lon="12.2405">
    <ele>131.18</ele>
   </trkpt>
   <trkpt lat="45.943360000000006" lon="12.240850000000002">
    <ele>130.76999999999998</ele>
   </trkpt>
   <trkpt lat="45.94305000000001" lon="12.241090000000002">
    <ele>130.46</ele>
   </trkpt>
   <trkpt lat="45.94234500155764" lon="12.241695007726372">
    <ele>128.9</ele>
   </trkpt>
   <trkpt lat="45.94164000000001" lon="12.2423">
    <ele>127.96000000000002</ele>
   </trkpt>
   <trkpt lat="45.94145" lon="12.24252">
    <ele>127.17</ele>
   </trkpt>
   <trkpt lat="45.941390000000006" lon="12.24261">
    <ele>127.03</ele>
   </trkpt>
   <trkpt lat="45.941370000000006" lon="12.242700000000001">
    <ele>127.03</ele>
   </trkpt>
   <trkpt lat="45.94138" lon="12.243020000000001">
    <ele>126.94</ele>
   </trkpt>
   <trkpt lat="45.9414" lon="12.243070000000001">
    <ele>126.94</ele>
   </trkpt>
   <trkpt lat="45.94167" lon="12.243760000000002">
    <ele>126.64</ele>
   </trkpt>
   <trkpt lat="45.942090008564584" lon="12.24474998503878">
    <ele>127.44</ele>
   </trkpt>
   <trkpt lat="45.94251000858093" lon="12.24573998507708">
    <ele>129.41</ele>
   </trkpt>
   <trkpt lat="45.942930000000004" lon="12.246730000000001">
    <ele>129.45000000000002</ele>
   </trkpt>
   <trkpt lat="45.94305000000001" lon="12.24708">
    <ele>129.32000000000002</ele>
   </trkpt>
   <trkpt lat="45.943130000000004" lon="12.247530000000001">
    <ele>128.96</ele>
   </trkpt>
   <trkpt lat="45.94316334211605" lon="12.248533332203392">
    <ele>129.45000000000002</ele>
   </trkpt>
   <trkpt lat="45.94319667545192" lon="12.249536665613453">
    <ele>131.48000000000002</ele>
   </trkpt>
   <trkpt lat="45.94323000000001" lon="12.25054">
    <ele>132.21</ele>
   </trkpt>
   <trkpt lat="45.94332000000001" lon="12.25153">
    <ele>133.09</ele>
   </trkpt>
   <trkpt lat="45.943360000000006" lon="12.251850000000001">
    <ele>134.17000000000002</ele>
   </trkpt>
   <trkpt lat="45.94342" lon="12.252080000000001">
    <ele>134.17000000000002</ele>
   </trkpt>
   <trkpt lat="45.94361000000001" lon="12.25247">
    <ele>134.63</ele>
   </trkpt>
   <trkpt lat="45.94379000000001" lon="12.252680000000002">
    <ele>134.87</ele>
   </trkpt>
   <trkpt lat="45.944190000000006" lon="12.253050000000002">
    <ele>135.29000000000002</ele>
   </trkpt>
   <trkpt lat="45.94464000000001" lon="12.2535">
    <ele>136.43</ele>
   </trkpt>
   <trkpt lat="45.944840000000006" lon="12.253800000000002">
    <ele>136.64000000000001</ele>
   </trkpt>
   <trkpt lat="45.944970000000005" lon="12.25406">
    <ele>137.24</ele>
   </trkpt>
   <trkpt lat="45.945100000000004" lon="12.254460000000002">
    <ele>138.0</ele>
   </trkpt>
   <trkpt lat="45.94516" lon="12.254700000000001">
    <ele>138.74</ele>
   </trkpt>
   <trkpt lat="45.945406676974414" lon="12.255786657033843">
    <ele>143.15</ele>
   </trkpt>
   <trkpt lat="45.94565334364971" lon="12.256873323738343">
    <ele>151.12</ele>
   </trkpt>
   <trkpt lat="45.9459" lon="12.25796">
    <ele>155.47000000000003</ele>
   </trkpt>
   <trkpt lat="45.94596000000001" lon="12.25825">
    <ele>156.06</ele>
   </trkpt>
   <trkpt lat="45.94596000000001" lon="12.25867">
    <ele>156.15</ele>
   </trkpt>
   <trkpt lat="45.94594" lon="12.258880000000001">
    <ele>156.06</ele>
   </trkpt>
   <trkpt lat="45.945890000000006" lon="12.259070000000001">
    <ele>156.06</ele>
   </trkpt>
   <trkpt lat="45.945800000000006" lon="12.25928">
    <ele>154.62</ele>
   </trkpt>
   <trkpt lat="45.9457" lon="12.259450000000001">
    <ele>153.71</ele>
   </trkpt>
   <trkpt lat="45.94529000000001" lon="12.259920000000001">
    <ele>148.79</ele>
   </trkpt>
   <trkpt lat="45.945150000000005" lon="12.26012">
    <ele>146.3</ele>
   </trkpt>
   <trkpt lat="45.94505" lon="12.260280000000002">
    <ele>146.3</ele>
   </trkpt>
   <trkpt lat="45.94498" lon="12.26046">
    <ele>144.18</ele>
   </trkpt>
   <trkpt lat="45.94492" lon="12.260670000000001">
    <ele>144.18</ele>
   </trkpt>
   <trkpt lat="45.944860000000006" lon="12.26115">
    <ele>141.02</ele>
   </trkpt>
   <trkpt lat="45.94483500207396" lon="12.261840000374656">
    <ele>135.57000000000002</ele>
   </trkpt>
   <trkpt lat="45.944810000000004" lon="12.262530000000002">
    <ele>132.44</ele>
   </trkpt>
   <trkpt lat="45.94478" lon="12.262690000000001">
    <ele>130.69</ele>
   </trkpt>
   <trkpt lat="45.944610000000004" lon="12.263290000000001">
    <ele>127.66000000000003</ele>
   </trkpt>
   <trkpt lat="45.94433" lon="12.26392">
    <ele>123.83000000000001</ele>
   </trkpt>
   <trkpt lat="45.94417000000001" lon="12.264360000000002">
    <ele>121.75000000000001</ele>
   </trkpt>
   <trkpt lat="45.94390000381392" lon="12.265295004548642">
    <ele>116.9</ele>
   </trkpt>
   <trkpt lat="45.943630000000006" lon="12.26623">
    <ele>114.74000000000001</ele>
   </trkpt>
   <trkpt lat="45.94341000000001" lon="12.266810000000001">
    <ele>113.74000000000001</ele>
   </trkpt>
   <trkpt lat="45.94295001138907" lon="12.267742523185605">
    <ele>111.59</ele>
   </trkpt>
   <trkpt lat="45.9424900151937" lon="12.268675030896889">
    <ele>109.04</ele>
   </trkpt>
   <trkpt lat="45.942030011414126" lon="12.269607523134104">
    <ele>106.95</ele>
   </trkpt>
   <trkpt lat="45.941570000000006" lon="12.27054">
    <ele>104.46000000000001</ele>
   </trkpt>
   <trkpt lat="45.941055004423866" lon="12.271545009297725">
    <ele>102.64</ele>
   </trkpt>
   <trkpt lat="45.940540000000006" lon="12.27255">
    <ele>108.22000000000001</ele>
   </trkpt>
   <trkpt lat="45.94044" lon="12.2728">
    <ele>108.22000000000001</ele>
   </trkpt>
   <trkpt lat="45.940380000000005" lon="12.273040000000002">
    <ele>109.55000000000001</ele>
   </trkpt>
   <trkpt lat="45.940360000000005" lon="12.273230000000002">
    <ele>110.64</ele>
   </trkpt>
   <trkpt lat="45.94037" lon="12.273430000000001">
    <ele>111.84</ele>
   </trkpt>
   <trkpt lat="45.9403" lon="12.273610000000001">
    <ele>111.84</ele>
   </trkpt>
   <trkpt lat="45.9401" lon="12.27369">
    <ele>110.16000000000001</ele>
   </trkpt>
   <trkpt lat="45.93945666678748" lon="12.273566663802411">
    <ele>104.87</ele>
   </trkpt>
   <trkpt lat="45.93881333344227" lon="12.273443330466845">
    <ele>102.42000000000002</ele>
   </trkpt>
   <trkpt lat="45.93817000000001" lon="12.273320000000002">
    <ele>101.84000000000002</ele>
   </trkpt>
   <trkpt lat="45.937830000000005" lon="12.273330000000001">
    <ele>101.44</ele>
   </trkpt>
   <trkpt lat="45.937030000930875" lon="12.2735383483652">
    <ele>100.97</ele>
   </trkpt>
   <trkpt lat="45.936230001483146" lon="12.273746690718825">
    <ele>100.93</ele>
   </trkpt>
   <trkpt lat="45.935430001656826" lon="12.273955027061207">
    <ele>100.98000000000002</ele>
   </trkpt>
   <trkpt lat="45.934630001451964" lon="12.274163357392691">
    <ele>101.47</ele>
   </trkpt>
   <trkpt lat="45.93383000086857" lon="12.274371681713612">
    <ele>103.78000000000002</ele>
   </trkpt>
   <trkpt lat="45.93303" lon="12.27458">
    <ele>109.45</ele>
   </trkpt>
   <trkpt lat="45.932930000000006" lon="12.27458">
    <ele>110.4</ele>
   </trkpt>
   <trkpt lat="45.93285" lon="12.274540000000002">
    <ele>110.4</ele>
   </trkpt>
   <trkpt lat="45.93278" lon="12.274460000000001">
    <ele>112.88000000000001</ele>
   </trkpt>
   <trkpt lat="45.93273000000001" lon="12.274370000000001">
    <ele>112.88000000000001</ele>
   </trkpt>
   <trkpt lat="45.932700000000004" lon="12.27425">
    <ele>113.84</ele>
   </trkpt>
   <trkpt lat="45.932700000000004" lon="12.27411">
    <ele>113.84</ele>
   </trkpt>
   <trkpt lat="45.93273000000001" lon="12.273980000000002">
    <ele>115.91000000000001</ele>
   </trkpt>
   <trkpt lat="45.932970000000005" lon="12.27336">
    <ele>118.56000000000002</ele>
   </trkpt>
   <trkpt lat="45.933040000000005" lon="12.273050000000001">
    <ele>121.00000000000001</ele>
   </trkpt>
   <trkpt lat="45.933040000000005" lon="12.272630000000001">
    <ele>124.80000000000001</ele>
   </trkpt>
   <trkpt lat="45.932950000000005" lon="12.27237">
    <ele>124.80000000000001</ele>
   </trkpt>
   <trkpt lat="45.932860000000005" lon="12.272200000000002">
    <ele>127.06</ele>
   </trkpt>
   <trkpt lat="45.932680000000005" lon="12.272020000000001">
    <ele>129.09</ele>
   </trkpt>
   <trkpt lat="45.9326" lon="12.271980000000001">
    <ele>130.38000000000002</ele>
   </trkpt>
   <trkpt lat="45.932430000000004" lon="12.27194">
    <ele>131.3</ele>
   </trkpt>
   <trkpt lat="45.931960000000004" lon="12.271910000000002">
    <ele>138.65000000000003</ele>
   </trkpt>
   <trkpt lat="45.93171" lon="12.271790000000001">
    <ele>138.65000000000003</ele>
   </trkpt>
   <trkpt lat="45.93151" lon="12.271550000000001">
    <ele>143.22</ele>
   </trkpt>
   <trkpt lat="45.931360000000005" lon="12.271210000000002">
    <ele>143.22</ele>
   </trkpt>
   <trkpt lat="45.93097000521575" lon="12.270114992263197">
    <ele>158.83</ele>
   </trkpt>
   <trkpt lat="45.930580000000006" lon="12.269020000000001">
    <ele>167.91</ele>
   </trkpt>
   <trkpt lat="45.930460000000004" lon="12.268860000000002">
    <ele>167.64000000000001</ele>
   </trkpt>
   <trkpt lat="45.930150000000005" lon="12.26867">
    <ele>167.71000000000004</ele>
   </trkpt>
   <trkpt lat="45.93009000000001" lon="12.268650000000001">
    <ele>167.73000000000002</ele>
   </trkpt>
   <trkpt lat="45.92996" lon="12.268640000000001">
    <ele>167.67000000000002</ele>
   </trkpt>
   <trkpt lat="45.9299" lon="12.26866">
    <ele>167.67000000000002</ele>
   </trkpt>
   <trkpt lat="45.92949500046826" lon="12.268945002000752">
    <ele>166.9</ele>
   </trkpt>
   <trkpt lat="45.92909" lon="12.26923">
    <ele>166.31</ele>
   </trkpt>
   <trkpt lat="45.928490000000004" lon="12.269630000000001">
    <ele>165.51000000000002</ele>
   </trkpt>
   <trkpt lat="45.92826" lon="12.269850000000002">
    <ele>165.4</ele>
   </trkpt>
   <trkpt lat="45.92764000342891" lon="12.27075001020978">
    <ele>165.22</ele>
   </trkpt>
   <trkpt lat="45.927020000000006" lon="12.271650000000001">
    <ele>164.97</ele>
   </trkpt>
   <trkpt lat="45.926880000000004" lon="12.271840000000001">
    <ele>165.0</ele>
   </trkpt>
   <trkpt lat="45.92611" lon="12.272490000000001">
    <ele>163.75</ele>
   </trkpt>
   <trkpt lat="45.92573" lon="12.272870000000001">
    <ele>160.43</ele>
   </trkpt>
   <trkpt lat="45.925140000000006" lon="12.27341">
    <ele>157.26000000000002</ele>
   </trkpt>
   <trkpt lat="45.92484" lon="12.273750000000001">
    <ele>155.31</ele>
   </trkpt>
   <trkpt lat="45.924380000000006" lon="12.27433">
    <ele>152.29</ele>
   </trkpt>
   <trkpt lat="45.92409000000001" lon="12.27466">
    <ele>151.17</ele>
   </trkpt>
   <trkpt lat="45.92341500203244" lon="12.275335008167275">
    <ele>148.11</ele>
   </trkpt>
   <trkpt lat="45.922740000000005" lon="12.276010000000001">
    <ele>145.83</ele>
   </trkpt>
   <trkpt lat="45.92249" lon="12.276200000000001">
    <ele>145.98</ele>
   </trkpt>
   <trkpt lat="45.922200000000004" lon="12.27636">
    <ele>146.63</ele>
   </trkpt>
   <trkpt lat="45.92161" lon="12.276610000000002">
    <ele>146.82</ele>
   </trkpt>
   <trkpt lat="45.920750000000005" lon="12.27682">
    <ele>142.20000000000002</ele>
   </trkpt>
   <trkpt lat="45.92047" lon="12.276950000000001">
    <ele>139.22</ele>
   </trkpt>
   <trkpt lat="45.91990500069833" lon="12.277355004136284">
    <ele>134.97</ele>
   </trkpt>
   <trkpt lat="45.919340000000005" lon="12.27776">
    <ele>130.39000000000001</ele>
   </trkpt>
   <trkpt lat="45.91913" lon="12.277870000000002">
    <ele>130.39000000000001</ele>
   </trkpt>
   <trkpt lat="45.918960000000006" lon="12.277930000000001">
    <ele>128.17000000000002</ele>
   </trkpt>
   <trkpt lat="45.91848499993233" lon="12.277980000436296">
    <ele>125.71000000000001</ele>
   </trkpt>
   <trkpt lat="45.91801" lon="12.278030000000001">
    <ele>123.81</ele>
   </trkpt>
   <trkpt lat="45.917880000000004" lon="12.27809">
    <ele>123.57000000000001</ele>
   </trkpt>
   <trkpt lat="45.91722500093219" lon="12.27853500520615">
    <ele>122.15</ele>
   </trkpt>
   <trkpt lat="45.91657000000001" lon="12.27898">
    <ele>120.52000000000001</ele>
   </trkpt>
   <trkpt lat="45.91621000000001" lon="12.27926">
    <ele>119.12</ele>
   </trkpt>
   <trkpt lat="45.916000000000004" lon="12.279380000000002">
    <ele>118.38000000000001</ele>
   </trkpt>
   <trkpt lat="45.91586" lon="12.27941">
    <ele>117.20000000000002</ele>
   </trkpt>
   <trkpt lat="45.915110000000006" lon="12.27932">
    <ele>114.71000000000001</ele>
   </trkpt>
   <trkpt lat="45.914880000000004" lon="12.27935">
    <ele>114.57000000000001</ele>
   </trkpt>
   <trkpt lat="45.914500000000004" lon="12.279440000000001">
    <ele>114.19000000000001</ele>
   </trkpt>
   <trkpt lat="45.91433000000001" lon="12.27951">
    <ele>114.08000000000001</ele>
   </trkpt>
   <trkpt lat="45.913880000000006" lon="12.279760000000001">
    <ele>112.5</ele>
   </trkpt>
   <trkpt lat="45.91353" lon="12.27987">
    <ele>109.73</ele>
   </trkpt>
   <trkpt lat="45.913380000000004" lon="12.279890000000002">
    <ele>108.83000000000001</ele>
   </trkpt>
   <trkpt lat="45.912650000000006" lon="12.279860000000001">
    <ele>99.86</ele>
   </trkpt>
   <trkpt lat="45.912380000000006" lon="12.279890000000002">
    <ele>98.26</ele>
   </trkpt>
   <trkpt lat="45.91191499998986" lon="12.279995000892875">
    <ele>94.38000000000001</ele>
   </trkpt>
   <trkpt lat="45.91145" lon="12.280100000000001">
    <ele>92.61000000000001</ele>
   </trkpt>
   <trkpt lat="45.91129" lon="12.280170000000002">
    <ele>91.77</ele>
   </trkpt>
   <trkpt lat="45.91122000000001" lon="12.280230000000001">
    <ele>91.77</ele>
   </trkpt>
   <trkpt lat="45.91062" lon="12.281030000000001">
    <ele>88.26</ele>
   </trkpt>
   <trkpt lat="45.91031" lon="12.28138">
    <ele>85.98</ele>
   </trkpt>
   <trkpt lat="45.90983000000001" lon="12.28203">
    <ele>83.56</ele>
   </trkpt>
   <trkpt lat="45.90934" lon="12.28279">
    <ele>79.62</ele>
   </trkpt>
   <trkpt lat="45.909110000000005" lon="12.283040000000002">
    <ele>78.7</ele>
   </trkpt>
   <trkpt lat="45.90899" lon="12.283130000000002">
    <ele>78.41000000000001</ele>
   </trkpt>
   <trkpt lat="45.908570000000005" lon="12.2833">
    <ele>77.75</ele>
   </trkpt>
   <trkpt lat="45.908440000000006" lon="12.283320000000002">
    <ele>77.72000000000001</ele>
   </trkpt>
   <trkpt lat="45.90827" lon="12.2833">
    <ele>77.79</ele>
   </trkpt>
   <trkpt lat="45.9078" lon="12.28292">
    <ele>77.96</ele>
   </trkpt>
   <trkpt lat="45.90766000000001" lon="12.28288">
    <ele>78.06</ele>
   </trkpt>
   <trkpt lat="45.9076" lon="12.282900000000001">
    <ele>78.06</ele>
   </trkpt>
   <trkpt lat="45.907540000000004" lon="12.282950000000001">
    <ele>78.06</ele>
   </trkpt>
   <trkpt lat="45.90749" lon="12.283040000000002">
    <ele>78.07</ele>
   </trkpt>
   <trkpt lat="45.90724" lon="12.283790000000002">
    <ele>77.68</ele>
   </trkpt>
   <trkpt lat="45.907160000000005" lon="12.28396">
    <ele>77.59</ele>
   </trkpt>
   <trkpt lat="45.90691" lon="12.28433">
    <ele>76.98</ele>
   </trkpt>
   <trkpt lat="45.906600000000005" lon="12.284580000000002">
    <ele>76.76</ele>
   </trkpt>
   <trkpt lat="45.90645000000001" lon="12.284650000000001">
    <ele>76.65</ele>
   </trkpt>
   <trkpt lat="45.906220000000005" lon="12.284730000000001">
    <ele>76.74</ele>
   </trkpt>
   <trkpt lat="45.906020000000005" lon="12.284770000000002">
    <ele>77.18</ele>
   </trkpt>
   <trkpt lat="45.90592" lon="12.284770000000002">
    <ele>77.18</ele>
   </trkpt>
   <trkpt lat="45.905800000000006" lon="12.284740000000001">
    <ele>77.30000000000001</ele>
   </trkpt>
   <trkpt lat="45.905750000000005" lon="12.28439">
    <ele>77.05000000000001</ele>
   </trkpt>
   <trkpt lat="45.905660000000005" lon="12.28406">
    <ele>76.45</ele>
   </trkpt>
   <trkpt lat="45.905170000000005" lon="12.28349">
    <ele>75.86000000000001</ele>
   </trkpt>
   <trkpt lat="45.904970000000006" lon="12.283230000000001">
    <ele>75.71</ele>
   </trkpt>
   <trkpt lat="45.90491" lon="12.28292">
    <ele>75.94000000000001</ele>
   </trkpt>
   <trkpt lat="45.90547668132653" lon="12.282100041855726">
    <ele>76.50000000000001</ele>
   </trkpt>
   <trkpt lat="45.90604335678868" lon="12.28128006697092">
    <ele>77.26</ele>
   </trkpt>
   <trkpt lat="45.906610026386204" lon="12.280460075345085">
    <ele>77.97000000000001</ele>
   </trkpt>
   <trkpt lat="45.90717669011886" lon="12.279640066977718">
    <ele>78.67</ele>
   </trkpt>
   <trkpt lat="45.90774334798644" lon="12.278820041868324">
    <ele>79.42999999999999</ele>
   </trkpt>
   <trkpt lat="45.90831000000001" lon="12.278">
    <ele>80.34</ele>
   </trkpt>
   <trkpt lat="45.908873339276724" lon="12.277176683333764">
    <ele>81.30000000000001</ele>
   </trkpt>
   <trkpt lat="45.90943667264093" lon="12.276353349955578">
    <ele>82.26</ele>
   </trkpt>
   <trkpt lat="45.910000000000004" lon="12.275530000000002">
    <ele>83.08</ele>
   </trkpt>
   <trkpt lat="45.91046" lon="12.274930000000001">
    <ele>83.59</ele>
   </trkpt>
   <trkpt lat="45.910630000000005" lon="12.27467">
    <ele>83.66000000000001</ele>
   </trkpt>
   <trkpt lat="45.910680000000006" lon="12.27466">
    <ele>83.66000000000001</ele>
   </trkpt>
   <trkpt lat="45.91073" lon="12.27457">
    <ele>83.89</ele>
   </trkpt>
   <trkpt lat="45.91113000095444" lon="12.274140002939829">
    <ele>84.30000000000001</ele>
   </trkpt>
   <trkpt lat="45.911530000000006" lon="12.273710000000001">
    <ele>84.62</ele>
   </trkpt>
   <trkpt lat="45.91224500227005" lon="12.272985009362712">
    <ele>85.10000000000001</ele>
   </trkpt>
   <trkpt lat="45.912960000000005" lon="12.272260000000001">
    <ele>85.73</ele>
   </trkpt>
   <trkpt lat="45.913450002289125" lon="12.271750008984544">
    <ele>86.07000000000001</ele>
   </trkpt>
   <trkpt lat="45.91394000230963" lon="12.27124000896332">
    <ele>86.55</ele>
   </trkpt>
   <trkpt lat="45.91443" lon="12.27073">
    <ele>87.07000000000001</ele>
   </trkpt>
   <trkpt lat="45.914997504315195" lon="12.270155017650996">
    <ele>87.96000000000001</ele>
   </trkpt>
   <trkpt lat="45.915565005746714" lon="12.269580023541979">
    <ele>88.48</ele>
   </trkpt>
   <trkpt lat="45.91613250429446" lon="12.269005017672528">
    <ele>88.92000000000002</ele>
   </trkpt>
   <trkpt lat="45.916700000000006" lon="12.26843">
    <ele>89.87</ele>
   </trkpt>
   <trkpt lat="45.91737429852884" lon="12.26773005104442">
    <ele>90.74</ele>
   </trkpt>
   <trkpt lat="45.918048592784324" lon="12.267030085077467">
    <ele>91.43</ele>
   </trkpt>
   <trkpt lat="45.91872288276625" lon="12.266330102098431">
    <ele>92.66000000000001</ele>
   </trkpt>
   <trkpt lat="45.91939716847441" lon="12.265630102106611">
    <ele>93.38000000000001</ele>
   </trkpt>
   <trkpt lat="45.920071449908654" lon="12.2649300851013">
    <ele>93.97000000000001</ele>
   </trkpt>
   <trkpt lat="45.92074572706869" lon="12.264230051081789">
    <ele>95.0</ele>
   </trkpt>
   <trkpt lat="45.921420000000005" lon="12.263530000000001">
    <ele>96.38000000000001</ele>
   </trkpt>
   <trkpt lat="45.92208800801331" lon="12.262852032659">
    <ele>97.75</ele>
   </trkpt>
   <trkpt lat="45.92275601201748" lon="12.262174048991886">
    <ele>98.29</ele>
   </trkpt>
   <trkpt lat="45.923424012012326" lon="12.261496048997985">
    <ele>99.69000000000001</ele>
   </trkpt>
   <trkpt lat="45.92409200799766" lon="12.260818032676623">
    <ele>100.28</ele>
   </trkpt>
   <trkpt lat="45.924760000000006" lon="12.260140000000002">
    <ele>101.19</ele>
   </trkpt>
   <trkpt lat="45.92544500227895" lon="12.259420008871519">
    <ele>102.21000000000001</ele>
   </trkpt>
   <trkpt lat="45.92613" lon="12.258700000000001">
    <ele>103.20000000000002</ele>
   </trkpt>
   <trkpt lat="45.926810006339196" lon="12.258002525677632">
    <ele>104.05</ele>
   </trkpt>
   <trkpt lat="45.92749000843525" lon="12.25730503425491">
    <ele>104.87</ele>
   </trkpt>
   <trkpt lat="45.928170006287964" lon="12.256607525731111">
    <ele>105.51</ele>
   </trkpt>
   <trkpt lat="45.928850000000004" lon="12.255910000000002">
    <ele>106.53000000000002</ele>
   </trkpt>
   <trkpt lat="45.929" lon="12.25553">
    <ele>107.22000000000001</ele>
   </trkpt>
   <trkpt lat="45.929" lon="12.25539">
    <ele>107.36000000000001</ele>
   </trkpt>
   <trkpt lat="45.92884" lon="12.255160000000002">
    <ele>107.08000000000001</ele>
   </trkpt>
   <trkpt lat="45.92830500128495" lon="12.25463999508731">
    <ele>112.63000000000001</ele>
   </trkpt>
   <trkpt lat="45.92777" lon="12.25412">
    <ele>119.75</ele>
   </trkpt>
   <trkpt lat="45.92731500082528" lon="12.253694996548994">
    <ele>126.58</ele>
   </trkpt>
   <trkpt lat="45.926860000000005" lon="12.25327">
    <ele>138.77</ele>
   </trkpt>
   <trkpt lat="45.926640000000006" lon="12.25275">
    <ele>144.79</ele>
   </trkpt>
   <trkpt lat="45.926610000000004" lon="12.25261">
    <ele>147.04</ele>
   </trkpt>
   <trkpt lat="45.92662000000001" lon="12.25224">
    <ele>149.8</ele>
   </trkpt>
   <trkpt lat="45.92671000000001" lon="12.251600000000002">
    <ele>156.04000000000002</ele>
   </trkpt>
   <trkpt lat="45.926590000000004" lon="12.25088">
    <ele>168.76000000000002</ele>
   </trkpt>
   <trkpt lat="45.9266" lon="12.250750000000002">
    <ele>170.34</ele>
   </trkpt>
   <trkpt lat="45.92676" lon="12.250530000000001">
    <ele>172.97</ele>
   </trkpt>
   <trkpt lat="45.92692" lon="12.250190000000002">
    <ele>176.04</ele>
   </trkpt>
   <trkpt lat="45.92696" lon="12.250150000000001">
    <ele>176.26000000000002</ele>
   </trkpt>
   <trkpt lat="45.92732" lon="12.24998">
    <ele>178.33</ele>
   </trkpt>
   <trkpt lat="45.92738000000001" lon="12.2499">
    <ele>179.50000000000003</ele>
   </trkpt>
   <trkpt lat="45.92738000000001" lon="12.2498">
    <ele>179.50000000000003</ele>
   </trkpt>
   <trkpt lat="45.92736000000001" lon="12.24975">
    <ele>179.50000000000003</ele>
   </trkpt>
   <trkpt lat="45.927290000000006" lon="12.249680000000001">
    <ele>184.74</ele>
   </trkpt>
   <trkpt lat="45.92645" lon="12.24934">
    <ele>192.9</ele>
   </trkpt>
   <trkpt lat="45.926300000000005" lon="12.249220000000001">
    <ele>197.69</ele>
   </trkpt>
   <trkpt lat="45.926210000000005" lon="12.24909">
    <ele>199.58</ele>
   </trkpt>
   <trkpt lat="45.92593" lon="12.248320000000001">
    <ele>208.73000000000002</ele>
   </trkpt>
   <trkpt lat="45.92589" lon="12.248280000000001">
    <ele>209.12000000000003</ele>
   </trkpt>
   <trkpt lat="45.92573" lon="12.248280000000001">
    <ele>209.71</ele>
   </trkpt>
   <trkpt lat="45.925520000000006" lon="12.2484">
    <ele>211.61</ele>
   </trkpt>
   <trkpt lat="45.92541000000001" lon="12.248410000000002">
    <ele>212.4</ele>
   </trkpt>
   <trkpt lat="45.92535" lon="12.248380000000001">
    <ele>212.86</ele>
   </trkpt>
   <trkpt lat="45.92483000000001" lon="12.247980000000002">
    <ele>220.83</ele>
   </trkpt>
   <trkpt lat="45.92457" lon="12.24768">
    <ele>226.32000000000002</ele>
   </trkpt>
   <trkpt lat="45.92448" lon="12.2476">
    <ele>228.18</ele>
   </trkpt>
   <trkpt lat="45.92441" lon="12.247580000000001">
    <ele>228.18</ele>
   </trkpt>
   <trkpt lat="45.92412" lon="12.24759">
    <ele>231.82000000000002</ele>
   </trkpt>
   <trkpt lat="45.924060000000004" lon="12.247570000000001">
    <ele>235.61</ele>
   </trkpt>
   <trkpt lat="45.92400000000001" lon="12.247520000000002">
    <ele>235.61</ele>
   </trkpt>
   <trkpt lat="45.923950000000005" lon="12.24741">
    <ele>235.61</ele>
   </trkpt>
   <trkpt lat="45.923950000000005" lon="12.24721">
    <ele>237.45000000000002</ele>
   </trkpt>
   <trkpt lat="45.92401" lon="12.24685">
    <ele>239.28000000000003</ele>
   </trkpt>
   <trkpt lat="45.92482000230973" lon="12.246427518520427">
    <ele>242.52</ele>
   </trkpt>
   <trkpt lat="45.92563000306259" lon="12.246005024703281">
    <ele>244.59000000000003</ele>
   </trkpt>
   <trkpt lat="45.926440002258495" lon="12.245582518547877">
    <ele>246.57</ele>
   </trkpt>
   <trkpt lat="45.92725" lon="12.24516">
    <ele>250.10999999999999</ele>
   </trkpt>
   <trkpt lat="45.927580000000006" lon="12.24502">
    <ele>252.15000000000003</ele>
   </trkpt>
   <trkpt lat="45.92815000013287" lon="12.244885001374621">
    <ele>254.29000000000002</ele>
   </trkpt>
   <trkpt lat="45.928720000000006" lon="12.244750000000002">
    <ele>255.42000000000004</ele>
   </trkpt>
   <trkpt lat="45.92877000000001" lon="12.24473">
    <ele>255.42000000000004</ele>
   </trkpt>
   <trkpt lat="45.929" lon="12.244580000000001">
    <ele>255.92000000000004</ele>
   </trkpt>
   <trkpt lat="45.92922" lon="12.24436">
    <ele>256.32000000000005</ele>
   </trkpt>
   <trkpt lat="45.92936" lon="12.244150000000001">
    <ele>256.34000000000003</ele>
   </trkpt>
   <trkpt lat="45.929480000000005" lon="12.24385">
    <ele>256.42</ele>
   </trkpt>
   <trkpt lat="45.929620001968765" lon="12.243180001638052">
    <ele>257.15999999999997</ele>
   </trkpt>
   <trkpt lat="45.92976" lon="12.242510000000001">
    <ele>257.24</ele>
   </trkpt>
   <trkpt lat="45.929790000000004" lon="12.24206">
    <ele>257.96000000000004</ele>
   </trkpt>
   <trkpt lat="45.92976" lon="12.241800000000001">
    <ele>258.43000000000006</ele>
   </trkpt>
   <trkpt lat="45.92946500444907" lon="12.240789994629584">
    <ele>261.02000000000004</ele>
   </trkpt>
   <trkpt lat="45.929170000000006" lon="12.239780000000001">
    <ele>260.68</ele>
   </trkpt>
   <trkpt lat="45.929100000000005" lon="12.239310000000001">
    <ele>259.84000000000003</ele>
   </trkpt>
   <trkpt lat="45.929120000000005" lon="12.239040000000001">
    <ele>259.48</ele>
   </trkpt>
   <trkpt lat="45.92918" lon="12.23873">
    <ele>259.32</ele>
   </trkpt>
   <trkpt lat="45.929320000000004" lon="12.238420000000001">
    <ele>259.27</ele>
   </trkpt>
   <trkpt lat="45.92975000214664" lon="12.237715005499819">
    <ele>260.24</ele>
   </trkpt>
   <trkpt lat="45.93018000000001" lon="12.237010000000001">
    <ele>261.23</ele>
   </trkpt>
   <trkpt lat="45.930310000000006" lon="12.23685">
    <ele>260.97</ele>
   </trkpt>
   <trkpt lat="45.930580000000006" lon="12.23666">
    <ele>260.13</ele>
   </trkpt>
   <trkpt lat="45.93100000063721" lon="12.236335002324438">
    <ele>257.02000000000004</ele>
   </trkpt>
   <trkpt lat="45.93142" lon="12.23601">
    <ele>254.81000000000003</ele>
   </trkpt>
   <trkpt lat="45.931700000000006" lon="12.235930000000002">
    <ele>251.42000000000002</ele>
   </trkpt>
   <trkpt lat="45.932430000000004" lon="12.23591">
    <ele>244.47000000000003</ele>
   </trkpt>
   <trkpt lat="45.932590000000005" lon="12.23587">
    <ele>244.47000000000003</ele>
   </trkpt>
   <trkpt lat="45.93276" lon="12.23582">
    <ele>244.47000000000003</ele>
   </trkpt>
   <trkpt lat="45.93289" lon="12.23573">
    <ele>240.0</ele>
   </trkpt>
   <trkpt lat="45.933020000000006" lon="12.235550000000002">
    <ele>240.0</ele>
   </trkpt>
   <trkpt lat="45.93312" lon="12.2353">
    <ele>237.91</ele>
   </trkpt>
   <trkpt lat="45.93318000000001" lon="12.23502">
    <ele>235.96000000000004</ele>
   </trkpt>
   <trkpt lat="45.933230023715545" lon="12.233854004218355">
    <ele>229.41000000000003</ele>
   </trkpt>
   <trkpt lat="45.933280035573084" lon="12.232688006333516">
    <ele>224.52</ele>
   </trkpt>
   <trkpt lat="45.93333003557258" lon="12.231522006345978">
    <ele>221.76000000000002</ele>
   </trkpt>
   <trkpt lat="45.93338002371397" lon="12.230356004256224">
    <ele>221.12</ele>
   </trkpt>
   <trkpt lat="45.93343" lon="12.229190000000001">
    <ele>220.76000000000002</ele>
   </trkpt>
   <trkpt lat="45.93352" lon="12.229030000000002">
    <ele>220.73000000000002</ele>
   </trkpt>
   <trkpt lat="45.93356000000001" lon="12.22902">
    <ele>220.73000000000002</ele>
   </trkpt>
   <trkpt lat="45.933710000000005" lon="12.229130000000001">
    <ele>219.74</ele>
   </trkpt>
   <trkpt lat="45.933730000000004" lon="12.22921">
    <ele>219.74</ele>
   </trkpt>
   <trkpt lat="45.933730000000004" lon="12.229400000000002">
    <ele>219.03000000000003</ele>
   </trkpt>
   <trkpt lat="45.933640000000004" lon="12.229650000000001">
    <ele>219.03000000000003</ele>
   </trkpt>
   <trkpt lat="45.933620000000005" lon="12.22982">
    <ele>215.68</ele>
   </trkpt>
   <trkpt lat="45.93365000000001" lon="12.230070000000001">
    <ele>215.68</ele>
   </trkpt>
   <trkpt lat="45.93377" lon="12.230410000000001">
    <ele>214.58</ele>
   </trkpt>
   <trkpt lat="45.934340000000006" lon="12.23126">
    <ele>211.72000000000003</ele>
   </trkpt>
   <trkpt lat="45.93478" lon="12.231860000000001">
    <ele>207.93</ele>
   </trkpt>
   <trkpt lat="45.93491" lon="12.231940000000002">
    <ele>207.49</ele>
   </trkpt>
   <trkpt lat="45.93498" lon="12.23193">
    <ele>207.49</ele>
   </trkpt>
   <trkpt lat="45.93509" lon="12.231860000000001">
    <ele>206.92000000000002</ele>
   </trkpt>
   <trkpt lat="45.93515000000001" lon="12.23173">
    <ele>206.57</ele>
   </trkpt>
   <trkpt lat="45.93515000000001" lon="12.231530000000001">
    <ele>205.70000000000002</ele>
   </trkpt>
   <trkpt lat="45.93507" lon="12.231250000000001">
    <ele>205.06</ele>
   </trkpt>
   <trkpt lat="45.934670000000004" lon="12.230340000000002">
    <ele>202.19</ele>
   </trkpt>
   <trkpt lat="45.93464" lon="12.23018">
    <ele>201.59</ele>
   </trkpt>
   <trkpt lat="45.93469" lon="12.22999">
    <ele>201.13</ele>
   </trkpt>
   <trkpt lat="45.93477" lon="12.229920000000002">
    <ele>200.88</ele>
   </trkpt>
   <trkpt lat="45.934830000000005" lon="12.229890000000001">
    <ele>200.88</ele>
   </trkpt>
   <trkpt lat="45.934940000000005" lon="12.22991">
    <ele>199.46</ele>
   </trkpt>
   <trkpt lat="45.93502" lon="12.229970000000002">
    <ele>198.91</ele>
   </trkpt>
   <trkpt lat="45.93547" lon="12.23056">
    <ele>195.99</ele>
   </trkpt>
   <trkpt lat="45.935570000000006" lon="12.23066">
    <ele>195.31</ele>
   </trkpt>
   <trkpt lat="45.93569" lon="12.230730000000001">
    <ele>195.31</ele>
   </trkpt>
   <trkpt lat="45.93587" lon="12.230780000000001">
    <ele>193.84</ele>
   </trkpt>
   <trkpt lat="45.93607" lon="12.23079">
    <ele>193.4</ele>
   </trkpt>
   <trkpt lat="45.936635000126586" lon="12.2307750001495">
    <ele>190.74</ele>
   </trkpt>
   <trkpt lat="45.937200000000004" lon="12.230760000000002">
    <ele>187.58</ele>
   </trkpt>
   <trkpt lat="45.937340000000006" lon="12.23065">
    <ele>186.62</ele>
   </trkpt>
   <trkpt lat="45.93737" lon="12.23056">
    <ele>186.62</ele>
   </trkpt>
   <trkpt lat="45.937360000000005" lon="12.23043">
    <ele>186.62</ele>
   </trkpt>
   <trkpt lat="45.93732000000001" lon="12.230340000000002">
    <ele>184.59</ele>
   </trkpt>
   <trkpt lat="45.937250000000006" lon="12.23027">
    <ele>184.59</ele>
   </trkpt>
   <trkpt lat="45.93667000000001" lon="12.23">
    <ele>182.42000000000002</ele>
   </trkpt>
   <trkpt lat="45.93657" lon="12.229930000000001">
    <ele>182.42000000000002</ele>
   </trkpt>
   <trkpt lat="45.936490000000006" lon="12.22977">
    <ele>181.52</ele>
   </trkpt>
   <trkpt lat="45.936510000000006" lon="12.229600000000001">
    <ele>181.52</ele>
   </trkpt>
   <trkpt lat="45.936640000000004" lon="12.229470000000001">
    <ele>180.36</ele>
   </trkpt>
   <trkpt lat="45.93675" lon="12.22948">
    <ele>180.36</ele>
   </trkpt>
   <trkpt lat="45.937090000000005" lon="12.229610000000001">
    <ele>179.51</ele>
   </trkpt>
   <trkpt lat="45.937760000000004" lon="12.22985">
    <ele>178.86</ele>
   </trkpt>
   <trkpt lat="45.93798" lon="12.22996">
    <ele>178.72000000000003</ele>
   </trkpt>
   <trkpt lat="45.93807" lon="12.230070000000001">
    <ele>178.57</ele>
   </trkpt>
   <trkpt lat="45.938210000000005" lon="12.230450000000001">
    <ele>178.13</ele>
   </trkpt>
   <trkpt lat="45.93838" lon="12.23126">
    <ele>176.6</ele>
   </trkpt>
   <trkpt lat="45.93847" lon="12.231380000000001">
    <ele>176.50000000000003</ele>
   </trkpt>
   <trkpt lat="45.9386" lon="12.231340000000001">
    <ele>176.04</ele>
   </trkpt>
   <trkpt lat="45.93863" lon="12.231290000000001">
    <ele>175.64000000000001</ele>
   </trkpt>
   <trkpt lat="45.93865" lon="12.23113">
    <ele>175.64000000000001</ele>
   </trkpt>
   <trkpt lat="45.93851" lon="12.23047">
    <ele>173.34000000000003</ele>
   </trkpt>
   <trkpt lat="45.93847" lon="12.23013">
    <ele>172.41</ele>
   </trkpt>
   <trkpt lat="45.938480000000006" lon="12.23004">
    <ele>172.41</ele>
   </trkpt>
   <trkpt lat="45.93853000000001" lon="12.229920000000002">
    <ele>172.14000000000001</ele>
   </trkpt>
   <trkpt lat="45.938590000000005" lon="12.22986">
    <ele>171.83</ele>
   </trkpt>
   <trkpt lat="45.93865" lon="12.22985">
    <ele>171.83</ele>
   </trkpt>
   <trkpt lat="45.93872" lon="12.229890000000001">
    <ele>171.0</ele>
   </trkpt>
   <trkpt lat="45.93878" lon="12.229970000000002">
    <ele>171.0</ele>
   </trkpt>
   <trkpt lat="45.93887" lon="12.23023">
    <ele>170.43000000000004</ele>
   </trkpt>
   <trkpt lat="45.93907" lon="12.231250000000001">
    <ele>168.79000000000002</ele>
   </trkpt>
   <trkpt lat="45.939060000000005" lon="12.231440000000001">
    <ele>168.64000000000001</ele>
   </trkpt>
   <trkpt lat="45.938990000000004" lon="12.231660000000002">
    <ele>168.14000000000001</ele>
   </trkpt>
   <trkpt lat="45.93885" lon="12.23183">
    <ele>167.72</ele>
   </trkpt>
   <trkpt lat="45.938770000000005" lon="12.23188">
    <ele>167.72</ele>
   </trkpt>
   <trkpt lat="45.938520000000004" lon="12.23192">
    <ele>167.35000000000002</ele>
   </trkpt>
   <trkpt lat="45.93786" lon="12.23187">
    <ele>165.21</ele>
   </trkpt>
   <trkpt lat="45.937760000000004" lon="12.23188">
    <ele>165.21</ele>
   </trkpt>
   <trkpt lat="45.93762" lon="12.23193">
    <ele>164.15</ele>
   </trkpt>
   <trkpt lat="45.937560000000005" lon="12.232000000000001">
    <ele>163.84</ele>
   </trkpt>
   <trkpt lat="45.93753" lon="12.232090000000001">
    <ele>163.84</ele>
   </trkpt>
   <trkpt lat="45.93751" lon="12.232220000000002">
    <ele>163.27</ele>
   </trkpt>
   <trkpt lat="45.93751" lon="12.232370000000001">
    <ele>162.95000000000002</ele>
   </trkpt>
   <trkpt lat="45.93755" lon="12.232500000000002">
    <ele>162.4</ele>
   </trkpt>
   <trkpt lat="45.93768" lon="12.232730000000002">
    <ele>161.82000000000002</ele>
   </trkpt>
   <trkpt lat="45.93804000071272" lon="12.233134997367689">
    <ele>159.42000000000002</ele>
   </trkpt>
   <trkpt lat="45.9384" lon="12.233540000000001">
    <ele>158.93</ele>
   </trkpt>
   <trkpt lat="45.938590000000005" lon="12.233830000000001">
    <ele>157.0</ele>
   </trkpt>
   <trkpt lat="45.93871" lon="12.234160000000001">
    <ele>155.72000000000003</ele>
   </trkpt>
   <trkpt lat="45.938750000000006" lon="12.234430000000001">
    <ele>155.72000000000003</ele>
   </trkpt>
   <trkpt lat="45.938810000000004" lon="12.23454">
    <ele>155.33</ele>
   </trkpt>
   <trkpt lat="45.93885" lon="12.234570000000001">
    <ele>155.33</ele>
   </trkpt>
   <trkpt lat="45.93894" lon="12.234570000000001">
    <ele>154.60000000000002</ele>
   </trkpt>
   <trkpt lat="45.938990000000004" lon="12.234520000000002">
    <ele>154.60000000000002</ele>
   </trkpt>
   <trkpt lat="45.93903" lon="12.2344">
    <ele>154.60000000000002</ele>
   </trkpt>
   <trkpt lat="45.939020000000006" lon="12.234210000000001">
    <ele>153.73</ele>
   </trkpt>
   <trkpt lat="45.938900000000004" lon="12.23365">
    <ele>152.77</ele>
   </trkpt>
   <trkpt lat="45.938900000000004" lon="12.233490000000002">
    <ele>152.44000000000003</ele>
   </trkpt>
   <trkpt lat="45.938990000000004" lon="12.23333">
    <ele>152.08</ele>
   </trkpt>
   <trkpt lat="45.93905" lon="12.23329">
    <ele>151.50000000000003</ele>
   </trkpt>
   <trkpt lat="45.939150000000005" lon="12.23329">
    <ele>151.50000000000003</ele>
   </trkpt>
   <trkpt lat="45.93923" lon="12.233340000000002">
    <ele>150.67000000000002</ele>
   </trkpt>
   <trkpt lat="45.939350000000005" lon="12.233540000000001">
    <ele>150.28000000000003</ele>
   </trkpt>
   <trkpt lat="45.939730000000004" lon="12.234350000000001">
    <ele>147.11</ele>
   </trkpt>
   <trkpt lat="45.939890000000005" lon="12.23478">
    <ele>146.34000000000003</ele>
   </trkpt>
   <trkpt lat="45.93999" lon="12.235280000000001">
    <ele>144.79</ele>
   </trkpt>
   <trkpt lat="45.940000000000005" lon="12.236220000000001">
    <ele>140.15000000000003</ele>
   </trkpt>
   <trkpt lat="45.94004" lon="12.23662">
    <ele>138.88</ele>
   </trkpt>
   <trkpt lat="45.940110000000004" lon="12.237000000000002">
    <ele>135.9</ele>
   </trkpt>
   <trkpt lat="45.94035" lon="12.237630000000001">
    <ele>133.81</ele>
   </trkpt>
   <trkpt lat="45.94042" lon="12.237860000000001">
    <ele>133.39000000000001</ele>
   </trkpt>
   <trkpt lat="45.940490000000004" lon="12.23821">
    <ele>132.68</ele>
   </trkpt>
   <trkpt lat="45.940400000000004" lon="12.239320000000001">
    <ele>130.31</ele>
   </trkpt>
   <trkpt lat="45.94042" lon="12.239690000000001">
    <ele>129.61</ele>
   </trkpt>
   <trkpt lat="45.940470000000005" lon="12.23989">
    <ele>129.53</ele>
   </trkpt>
   <trkpt lat="45.940900000000006" lon="12.24083">
    <ele>127.81</ele>
   </trkpt>
   <trkpt lat="45.941" lon="12.24117">
    <ele>127.52000000000002</ele>
   </trkpt>
   <trkpt lat="45.941050000000004" lon="12.241420000000002">
    <ele>127.44</ele>
   </trkpt>
   <trkpt lat="45.94112500182112" lon="12.242059999431904">
    <ele>127.22</ele>
   </trkpt>
   <trkpt lat="45.9412" lon="12.242700000000001">
    <ele>127.16000000000003</ele>
   </trkpt>
   <trkpt lat="45.94138" lon="12.243020000000001">
    <ele>126.94</ele>
   </trkpt>
   <trkpt lat="45.94167" lon="12.243760000000002">
    <ele>126.64</ele>
   </trkpt>
   <trkpt lat="45.942090008564584" lon="12.24474998503878">
    <ele>127.44</ele>
   </trkpt>
   <trkpt lat="45.94251000858093" lon="12.24573998507708">
    <ele>129.17000000000002</ele>
   </trkpt>
   <trkpt lat="45.942930000000004" lon="12.246730000000001">
    <ele>129.45000000000002</ele>
   </trkpt>
   <trkpt lat="45.94305000000001" lon="12.24708">
    <ele>129.32000000000002</ele>
   </trkpt>
   <trkpt lat="45.943130000000004" lon="12.247530000000001">
    <ele>128.96</ele>
   </trkpt>
   <trkpt lat="45.94316334211605" lon="12.248533332203392">
    <ele>129.45000000000002</ele>
   </trkpt>
   <trkpt lat="45.94319667545192" lon="12.249536665613453">
    <ele>130.82000000000002</ele>
   </trkpt>
   <trkpt lat="45.94323000000001" lon="12.25054">
    <ele>132.21</ele>
   </trkpt>
   <trkpt lat="45.94329500189605" lon="12.251194999484834">
    <ele>133.09</ele>
   </trkpt>
   <trkpt lat="45.943360000000006" lon="12.251850000000001">
    <ele>134.17000000000002</ele>
   </trkpt>
   <trkpt lat="45.94342" lon="12.252080000000001">
    <ele>134.17000000000002</ele>
   </trkpt>
   <trkpt lat="45.94361000000001" lon="12.25247">
    <ele>134.63</ele>
   </trkpt>
   <trkpt lat="45.94379000000001" lon="12.252680000000002">
    <ele>134.87</ele>
   </trkpt>
   <trkpt lat="45.944190000000006" lon="12.253050000000002">
    <ele>135.29000000000002</ele>
   </trkpt>
   <trkpt lat="45.94464000000001" lon="12.2535">
    <ele>136.03</ele>
   </trkpt>
   <trkpt lat="45.944840000000006" lon="12.253800000000002">
    <ele>136.64000000000001</ele>
   </trkpt>
   <trkpt lat="45.944970000000005" lon="12.25406">
    <ele>137.01000000000002</ele>
   </trkpt>
   <trkpt lat="45.945100000000004" lon="12.254460000000002">
    <ele>138.0</ele>
   </trkpt>
   <trkpt lat="45.94516" lon="12.254700000000001">
    <ele>138.74</ele>
   </trkpt>
   <trkpt lat="45.94542334548521" lon="12.255879988823072">
    <ele>143.15</ele>
   </trkpt>
   <trkpt lat="45.94568667882615" lon="12.257059988856978">
    <ele>151.12</ele>
   </trkpt>
   <trkpt lat="45.94595" lon="12.25824">
    <ele>155.91000000000003</ele>
   </trkpt>
   <trkpt lat="45.94596000000001" lon="12.25867">
    <ele>156.15</ele>
   </trkpt>
   <trkpt lat="45.94594" lon="12.258880000000001">
    <ele>156.15</ele>
   </trkpt>
   <trkpt lat="45.945890000000006" lon="12.259070000000001">
    <ele>156.06</ele>
   </trkpt>
   <trkpt lat="45.9457" lon="12.259450000000001">
    <ele>153.71</ele>
   </trkpt>
   <trkpt lat="45.94529000000001" lon="12.259920000000001">
    <ele>148.79</ele>
   </trkpt>
   <trkpt lat="45.945150000000005" lon="12.26012">
    <ele>148.79</ele>
   </trkpt>
   <trkpt lat="45.94505" lon="12.260280000000002">
    <ele>146.3</ele>
   </trkpt>
   <trkpt lat="45.94498" lon="12.26046">
    <ele>146.3</ele>
   </trkpt>
   <trkpt lat="45.94492" lon="12.260670000000001">
    <ele>144.18</ele>
   </trkpt>
   <trkpt lat="45.944860000000006" lon="12.26115">
    <ele>141.02</ele>
   </trkpt>
   <trkpt lat="45.94483500207396" lon="12.261840000374656">
    <ele>137.45000000000002</ele>
   </trkpt>
   <trkpt lat="45.944810000000004" lon="12.262530000000002">
    <ele>132.44</ele>
   </trkpt>
   <trkpt lat="45.94478" lon="12.262690000000001">
    <ele>132.44</ele>
   </trkpt>
   <trkpt lat="45.944610000000004" lon="12.263290000000001">
    <ele>127.66000000000003</ele>
   </trkpt>
   <trkpt lat="45.94433" lon="12.26392">
    <ele>124.45</ele>
   </trkpt>
   <trkpt lat="45.94417000000001" lon="12.264360000000002">
    <ele>121.75000000000001</ele>
   </trkpt>
   <trkpt lat="45.94390000381392" lon="12.265295004548642">
    <ele>116.9</ele>
   </trkpt>
   <trkpt lat="45.943630000000006" lon="12.26623">
    <ele>114.74000000000001</ele>
   </trkpt>
   <trkpt lat="45.94341000000001" lon="12.266810000000001">
    <ele>113.74000000000001</ele>
   </trkpt>
   <trkpt lat="45.94295001138907" lon="12.267742523185605">
    <ele>111.59</ele>
   </trkpt>
   <trkpt lat="45.9424900151937" lon="12.268675030896889">
    <ele>109.68</ele>
   </trkpt>
   <trkpt lat="45.942030011414126" lon="12.269607523134104">
    <ele>106.95</ele>
   </trkpt>
   <trkpt lat="45.941570000000006" lon="12.27054">
    <ele>104.46000000000001</ele>
   </trkpt>
   <trkpt lat="45.941055004423866" lon="12.271545009297725">
    <ele>102.64</ele>
   </trkpt>
   <trkpt lat="45.940540000000006" lon="12.27255">
    <ele>105.48</ele>
   </trkpt>
   <trkpt lat="45.94044" lon="12.2728">
    <ele>108.22000000000001</ele>
   </trkpt>
   <trkpt lat="45.940380000000005" lon="12.273040000000002">
    <ele>109.55000000000001</ele>
   </trkpt>
   <trkpt lat="45.940360000000005" lon="12.273230000000002">
    <ele>110.64</ele>
   </trkpt>
   <trkpt lat="45.94037" lon="12.273430000000001">
    <ele>111.39</ele>
   </trkpt>
   <trkpt lat="45.9403" lon="12.273610000000001">
    <ele>111.84</ele>
   </trkpt>
   <trkpt lat="45.9401" lon="12.27369">
    <ele>110.16000000000001</ele>
   </trkpt>
   <trkpt lat="45.93945666678748" lon="12.273566663802411">
    <ele>104.87</ele>
   </trkpt>
   <trkpt lat="45.93881333344227" lon="12.273443330466845">
    <ele>102.42000000000002</ele>
   </trkpt>
   <trkpt lat="45.93817000000001" lon="12.273320000000002">
    <ele>101.84000000000002</ele>
   </trkpt>
   <trkpt lat="45.937830000000005" lon="12.273330000000001">
    <ele>101.44</ele>
   </trkpt>
   <trkpt lat="45.937030000930875" lon="12.2735383483652">
    <ele>100.97</ele>
   </trkpt>
   <trkpt lat="45.936230001483146" lon="12.273746690718825">
    <ele>100.93</ele>
   </trkpt>
   <trkpt lat="45.935430001656826" lon="12.273955027061207">
    <ele>100.98000000000002</ele>
   </trkpt>
   <trkpt lat="45.934630001451964" lon="12.274163357392691">
    <ele>101.47</ele>
   </trkpt>
   <trkpt lat="45.93383000086857" lon="12.274371681713612">
    <ele>103.78000000000002</ele>
   </trkpt>
   <trkpt lat="45.93303" lon="12.27458">
    <ele>109.45</ele>
   </trkpt>
   <trkpt lat="45.932930000000006" lon="12.27458">
    <ele>110.4</ele>
   </trkpt>
   <trkpt lat="45.93285" lon="12.274540000000002">
    <ele>110.4</ele>
   </trkpt>
   <trkpt lat="45.93278" lon="12.274460000000001">
    <ele>112.88000000000001</ele>
   </trkpt>
   <trkpt lat="45.93273000000001" lon="12.274370000000001">
    <ele>112.88000000000001</ele>
   </trkpt>
   <trkpt lat="45.932700000000004" lon="12.27425">
    <ele>113.84</ele>
   </trkpt>
   <trkpt lat="45.932700000000004" lon="12.27411">
    <ele>113.84</ele>
   </trkpt>
   <trkpt lat="45.93273000000001" lon="12.273980000000002">
    <ele>115.91000000000001</ele>
   </trkpt>
   <trkpt lat="45.932970000000005" lon="12.27336">
    <ele>118.56000000000002</ele>
   </trkpt>
   <trkpt lat="45.933040000000005" lon="12.273050000000001">
    <ele>121.00000000000001</ele>
   </trkpt>
   <trkpt lat="45.933040000000005" lon="12.272630000000001">
    <ele>124.80000000000001</ele>
   </trkpt>
   <trkpt lat="45.932950000000005" lon="12.27237">
    <ele>124.80000000000001</ele>
   </trkpt>
   <trkpt lat="45.932860000000005" lon="12.272200000000002">
    <ele>127.06</ele>
   </trkpt>
   <trkpt lat="45.932680000000005" lon="12.272020000000001">
    <ele>129.09</ele>
   </trkpt>
   <trkpt lat="45.9326" lon="12.271980000000001">
    <ele>130.38000000000002</ele>
   </trkpt>
   <trkpt lat="45.932430000000004" lon="12.27194">
    <ele>131.3</ele>
   </trkpt>
   <trkpt lat="45.931960000000004" lon="12.271910000000002">
    <ele>138.65000000000003</ele>
   </trkpt>
   <trkpt lat="45.93171" lon="12.271790000000001">
    <ele>138.65000000000003</ele>
   </trkpt>
   <trkpt lat="45.93151" lon="12.271550000000001">
    <ele>143.22</ele>
   </trkpt>
   <trkpt lat="45.931360000000005" lon="12.271210000000002">
    <ele>143.22</ele>
   </trkpt>
   <trkpt lat="45.93097000521575" lon="12.270114992263197">
    <ele>158.83</ele>
   </trkpt>
   <trkpt lat="45.930580000000006" lon="12.269020000000001">
    <ele>167.91</ele>
   </trkpt>
   <trkpt lat="45.930460000000004" lon="12.268860000000002">
    <ele>167.64000000000001</ele>
   </trkpt>
   <trkpt lat="45.930150000000005" lon="12.26867">
    <ele>167.71000000000004</ele>
   </trkpt>
   <trkpt lat="45.93009000000001" lon="12.268650000000001">
    <ele>167.73000000000002</ele>
   </trkpt>
   <trkpt lat="45.92996" lon="12.268640000000001">
    <ele>167.67000000000002</ele>
   </trkpt>
   <trkpt lat="45.9299" lon="12.26866">
    <ele>167.67000000000002</ele>
   </trkpt>
   <trkpt lat="45.92949500046826" lon="12.268945002000752">
    <ele>166.9</ele>
   </trkpt>
   <trkpt lat="45.92909" lon="12.26923">
    <ele>166.31</ele>
   </trkpt>
   <trkpt lat="45.928490000000004" lon="12.269630000000001">
    <ele>165.51000000000002</ele>
   </trkpt>
   <trkpt lat="45.92826" lon="12.269850000000002">
    <ele>165.4</ele>
   </trkpt>
   <trkpt lat="45.92764000342891" lon="12.27075001020978">
    <ele>165.22</ele>
   </trkpt>
   <trkpt lat="45.927020000000006" lon="12.271650000000001">
    <ele>164.97</ele>
   </trkpt>
   <trkpt lat="45.926880000000004" lon="12.271840000000001">
    <ele>165.0</ele>
   </trkpt>
   <trkpt lat="45.92611" lon="12.272490000000001">
    <ele>163.75</ele>
   </trkpt>
   <trkpt lat="45.92573" lon="12.272870000000001">
    <ele>160.43</ele>
   </trkpt>
   <trkpt lat="45.925140000000006" lon="12.27341">
    <ele>157.26000000000002</ele>
   </trkpt>
   <trkpt lat="45.92484" lon="12.273750000000001">
    <ele>155.31</ele>
   </trkpt>
   <trkpt lat="45.924380000000006" lon="12.27433">
    <ele>152.29</ele>
   </trkpt>
   <trkpt lat="45.92409000000001" lon="12.27466">
    <ele>151.17</ele>
   </trkpt>
   <trkpt lat="45.92341500203244" lon="12.275335008167275">
    <ele>148.11</ele>
   </trkpt>
   <trkpt lat="45.922740000000005" lon="12.276010000000001">
    <ele>145.83</ele>
   </trkpt>
   <trkpt lat="45.92249" lon="12.276200000000001">
    <ele>145.98</ele>
   </trkpt>
   <trkpt lat="45.922200000000004" lon="12.27636">
    <ele>146.63</ele>
   </trkpt>
   <trkpt lat="45.92161" lon="12.276610000000002">
    <ele>146.82</ele>
   </trkpt>
   <trkpt lat="45.920750000000005" lon="12.27682">
    <ele>142.20000000000002</ele>
   </trkpt>
   <trkpt lat="45.92047" lon="12.276950000000001">
    <ele>139.22</ele>
   </trkpt>
   <trkpt lat="45.91990500069833" lon="12.277355004136284">
    <ele>134.97</ele>
   </trkpt>
   <trkpt lat="45.919340000000005" lon="12.27776">
    <ele>130.39000000000001</ele>
   </trkpt>
   <trkpt lat="45.91913" lon="12.277870000000002">
    <ele>130.39000000000001</ele>
   </trkpt>
   <trkpt lat="45.918960000000006" lon="12.277930000000001">
    <ele>128.17000000000002</ele>
   </trkpt>
   <trkpt lat="45.91848499993233" lon="12.277980000436296">
    <ele>125.71000000000001</ele>
   </trkpt>
   <trkpt lat="45.91801" lon="12.278030000000001">
    <ele>123.81</ele>
   </trkpt>
   <trkpt lat="45.917880000000004" lon="12.27809">
    <ele>123.57000000000001</ele>
   </trkpt>
   <trkpt lat="45.91722500093219" lon="12.27853500520615">
    <ele>122.15</ele>
   </trkpt>
   <trkpt lat="45.91657000000001" lon="12.27898">
    <ele>120.52000000000001</ele>
   </trkpt>
   <trkpt lat="45.91621000000001" lon="12.27926">
    <ele>119.12</ele>
   </trkpt>
   <trkpt lat="45.916000000000004" lon="12.279380000000002">
    <ele>118.38000000000001</ele>
   </trkpt>
   <trkpt lat="45.91586" lon="12.27941">
    <ele>117.20000000000002</ele>
   </trkpt>
   <trkpt lat="45.915110000000006" lon="12.27932">
    <ele>114.71000000000001</ele>
   </trkpt>
   <trkpt lat="45.914880000000004" lon="12.27935">
    <ele>114.57000000000001</ele>
   </trkpt>
   <trkpt lat="45.914500000000004" lon="12.279440000000001">
    <ele>114.19000000000001</ele>
   </trkpt>
   <trkpt lat="45.91433000000001" lon="12.27951">
    <ele>114.08000000000001</ele>
   </trkpt>
   <trkpt lat="45.913880000000006" lon="12.279760000000001">
    <ele>112.5</ele>
   </trkpt>
   <trkpt lat="45.91353" lon="12.27987">
    <ele>109.73</ele>
   </trkpt>
   <trkpt lat="45.913380000000004" lon="12.279890000000002">
    <ele>108.83000000000001</ele>
   </trkpt>
   <trkpt lat="45.912650000000006" lon="12.279860000000001">
    <ele>99.86</ele>
   </trkpt>
   <trkpt lat="45.912380000000006" lon="12.279890000000002">
    <ele>98.26</ele>
   </trkpt>
   <trkpt lat="45.91191499998986" lon="12.279995000892875">
    <ele>94.38000000000001</ele>
   </trkpt>
   <trkpt lat="45.91145" lon="12.280100000000001">
    <ele>92.61000000000001</ele>
   </trkpt>
   <trkpt lat="45.91129" lon="12.280170000000002">
    <ele>91.77</ele>
   </trkpt>
   <trkpt lat="45.91122000000001" lon="12.280230000000001">
    <ele>91.77</ele>
   </trkpt>
   <trkpt lat="45.91062" lon="12.281030000000001">
    <ele>88.26</ele>
   </trkpt>
   <trkpt lat="45.91031" lon="12.28138">
    <ele>85.98</ele>
   </trkpt>
   <trkpt lat="45.90983000000001" lon="12.28203">
    <ele>83.56</ele>
   </trkpt>
   <trkpt lat="45.90934" lon="12.28279">
    <ele>79.62</ele>
   </trkpt>
   <trkpt lat="45.909110000000005" lon="12.283040000000002">
    <ele>78.7</ele>
   </trkpt>
   <trkpt lat="45.90899" lon="12.283130000000002">
    <ele>78.41000000000001</ele>
   </trkpt>
   <trkpt lat="45.908570000000005" lon="12.2833">
    <ele>77.75</ele>
   </trkpt>
   <trkpt lat="45.908440000000006" lon="12.283320000000002">
    <ele>77.72000000000001</ele>
   </trkpt>
   <trkpt lat="45.90827" lon="12.2833">
    <ele>77.79</ele>
   </trkpt>
   <trkpt lat="45.9078" lon="12.28292">
    <ele>77.96</ele>
   </trkpt>
   <trkpt lat="45.90766000000001" lon="12.28288">
    <ele>78.06</ele>
   </trkpt>
   <trkpt lat="45.9076" lon="12.282900000000001">
    <ele>78.06</ele>
   </trkpt>
   <trkpt lat="45.907540000000004" lon="12.282950000000001">
    <ele>78.06</ele>
   </trkpt>
   <trkpt lat="45.90749" lon="12.283040000000002">
    <ele>78.07</ele>
   </trkpt>
   <trkpt lat="45.90724" lon="12.283790000000002">
    <ele>77.68</ele>
   </trkpt>
   <trkpt lat="45.907160000000005" lon="12.28396">
    <ele>77.59</ele>
   </trkpt>
   <trkpt lat="45.90691" lon="12.28433">
    <ele>76.98</ele>
   </trkpt>
   <trkpt lat="45.906600000000005" lon="12.284580000000002">
    <ele>76.76</ele>
   </trkpt>
   <trkpt lat="45.90645000000001" lon="12.284650000000001">
    <ele>76.65</ele>
   </trkpt>
   <trkpt lat="45.906220000000005" lon="12.284730000000001">
    <ele>76.74</ele>
   </trkpt>
   <trkpt lat="45.906020000000005" lon="12.284770000000002">
    <ele>77.18</ele>
   </trkpt>
   <trkpt lat="45.905800000000006" lon="12.284740000000001">
    <ele>77.29</ele>
   </trkpt>
   <trkpt lat="45.905750000000005" lon="12.28439">
    <ele>77.05000000000001</ele>
   </trkpt>
   <trkpt lat="45.905660000000005" lon="12.28406">
    <ele>76.45</ele>
   </trkpt>
   <trkpt lat="45.905170000000005" lon="12.28349">
    <ele>75.86000000000001</ele>
   </trkpt>
   <trkpt lat="45.904970000000006" lon="12.283230000000001">
    <ele>75.71</ele>
   </trkpt>
   <trkpt lat="45.90491" lon="12.28292">
    <ele>75.94000000000001</ele>
   </trkpt>
   <trkpt lat="45.90547668132653" lon="12.282100041855726">
    <ele>76.50000000000001</ele>
   </trkpt>
   <trkpt lat="45.90604335678868" lon="12.28128006697092">
    <ele>77.26</ele>
   </trkpt>
   <trkpt lat="45.906610026386204" lon="12.280460075345085">
    <ele>77.97000000000001</ele>
   </trkpt>
   <trkpt lat="45.90717669011886" lon="12.279640066977718">
    <ele>78.67</ele>
   </trkpt>
   <trkpt lat="45.90774334798644" lon="12.278820041868324">
    <ele>79.42999999999999</ele>
   </trkpt>
   <trkpt lat="45.90831000000001" lon="12.278">
    <ele>80.34</ele>
   </trkpt>
   <trkpt lat="45.908873339276724" lon="12.277176683333764">
    <ele>81.30000000000001</ele>
   </trkpt>
   <trkpt lat="45.90943667264093" lon="12.276353349955578">
    <ele>82.26</ele>
   </trkpt>
   <trkpt lat="45.910000000000004" lon="12.275530000000002">
    <ele>83.08</ele>
   </trkpt>
   <trkpt lat="45.91046" lon="12.274930000000001">
    <ele>83.59</ele>
   </trkpt>
   <trkpt lat="45.910630000000005" lon="12.27467">
    <ele>83.66000000000001</ele>
   </trkpt>
   <trkpt lat="45.910680000000006" lon="12.27466">
    <ele>83.66000000000001</ele>
   </trkpt>
   <trkpt lat="45.91073" lon="12.27457">
    <ele>83.89</ele>
   </trkpt>
   <trkpt lat="45.91113000095444" lon="12.274140002939829">
    <ele>84.30000000000001</ele>
   </trkpt>
   <trkpt lat="45.911530000000006" lon="12.273710000000001">
    <ele>84.62</ele>
   </trkpt>
   <trkpt lat="45.91224500227005" lon="12.272985009362712">
    <ele>85.10000000000001</ele>
   </trkpt>
   <trkpt lat="45.912960000000005" lon="12.272260000000001">
    <ele>85.73</ele>
   </trkpt>
   <trkpt lat="45.913450002289125" lon="12.271750008984544">
    <ele>86.07000000000001</ele>
   </trkpt>
   <trkpt lat="45.91394000230963" lon="12.27124000896332">
    <ele>86.55</ele>
   </trkpt>
   <trkpt lat="45.91443" lon="12.27073">
    <ele>87.07000000000001</ele>
   </trkpt>
   <trkpt lat="45.914997504315195" lon="12.270155017650996">
    <ele>87.96000000000001</ele>
   </trkpt>
   <trkpt lat="45.915565005746714" lon="12.269580023541979">
    <ele>88.48</ele>
   </trkpt>
   <trkpt lat="45.91613250429446" lon="12.269005017672528">
    <ele>88.92000000000002</ele>
   </trkpt>
   <trkpt lat="45.916700000000006" lon="12.26843">
    <ele>89.87</ele>
   </trkpt>
   <trkpt lat="45.91737429852884" lon="12.26773005104442">
    <ele>90.74</ele>
   </trkpt>
   <trkpt lat="45.918048592784324" lon="12.267030085077467">
    <ele>91.43</ele>
   </trkpt>
   <trkpt lat="45.91872288276625" lon="12.266330102098431">
    <ele>92.66000000000001</ele>
   </trkpt>
   <trkpt lat="45.91939716847441" lon="12.265630102106611">
    <ele>93.38000000000001</ele>
   </trkpt>
   <trkpt lat="45.920071449908654" lon="12.2649300851013">
    <ele>93.97000000000001</ele>
   </trkpt>
   <trkpt lat="45.92074572706869" lon="12.264230051081789">
    <ele>95.0</ele>
   </trkpt>
   <trkpt lat="45.921420000000005" lon="12.263530000000001">
    <ele>96.38000000000001</ele>
   </trkpt>
   <trkpt lat="45.92208800801331" lon="12.262852032659">
    <ele>97.75</ele>
   </trkpt>
   <trkpt lat="45.92275601201748" lon="12.262174048991886">
    <ele>98.29</ele>
   </trkpt>
   <trkpt lat="45.923424012012326" lon="12.261496048997985">
    <ele>99.69000000000001</ele>
   </trkpt>
   <trkpt lat="45.92409200799766" lon="12.260818032676623">
    <ele>100.28</ele>
   </trkpt>
   <trkpt lat="45.924760000000006" lon="12.260140000000002">
    <ele>101.19</ele>
   </trkpt>
   <trkpt lat="45.92544500227895" lon="12.259420008871519">
    <ele>102.21000000000001</ele>
   </trkpt>
   <trkpt lat="45.92613" lon="12.258700000000001">
    <ele>103.20000000000002</ele>
   </trkpt>
   <trkpt lat="45.926810006339196" lon="12.258002525677632">
    <ele>104.05</ele>
   </trkpt>
   <trkpt lat="45.92749000843525" lon="12.25730503425491">
    <ele>104.87</ele>
   </trkpt>
   <trkpt lat="45.928170006287964" lon="12.256607525731111">
    <ele>105.51</ele>
   </trkpt>
   <trkpt lat="45.928850000000004" lon="12.255910000000002">
    <ele>106.53000000000002</ele>
   </trkpt>
   <trkpt lat="45.929" lon="12.25553">
    <ele>107.22000000000001</ele>
   </trkpt>
   <trkpt lat="45.929" lon="12.25539">
    <ele>107.36000000000001</ele>
   </trkpt>
   <trkpt lat="45.92884" lon="12.255160000000002">
    <ele>107.08000000000001</ele>
   </trkpt>
   <trkpt lat="45.92830500128495" lon="12.25463999508731">
    <ele>112.63000000000001</ele>
   </trkpt>
   <trkpt lat="45.92777" lon="12.25412">
    <ele>119.75</ele>
   </trkpt>
   <trkpt lat="45.92731500082528" lon="12.253694996548994">
    <ele>126.58</ele>
   </trkpt>
   <trkpt lat="45.926860000000005" lon="12.25327">
    <ele>138.77</ele>
   </trkpt>
   <trkpt lat="45.926640000000006" lon="12.25275">
    <ele>144.79</ele>
   </trkpt>
   <trkpt lat="45.926610000000004" lon="12.25261">
    <ele>147.04</ele>
   </trkpt>
   <trkpt lat="45.92662000000001" lon="12.25224">
    <ele>149.8</ele>
   </trkpt>
   <trkpt lat="45.92671000000001" lon="12.251600000000002">
    <ele>156.04000000000002</ele>
   </trkpt>
   <trkpt lat="45.926590000000004" lon="12.25088">
    <ele>168.76000000000002</ele>
   </trkpt>
   <trkpt lat="45.9266" lon="12.250750000000002">
    <ele>170.34</ele>
   </trkpt>
   <trkpt lat="45.92676" lon="12.250530000000001">
    <ele>172.97</ele>
   </trkpt>
   <trkpt lat="45.92692" lon="12.250190000000002">
    <ele>176.04</ele>
   </trkpt>
   <trkpt lat="45.92696" lon="12.250150000000001">
    <ele>176.26000000000002</ele>
   </trkpt>
   <trkpt lat="45.92732" lon="12.24998">
    <ele>178.33</ele>
   </trkpt>
   <trkpt lat="45.92738000000001" lon="12.2499">
    <ele>179.50000000000003</ele>
   </trkpt>
   <trkpt lat="45.92738000000001" lon="12.2498">
    <ele>179.50000000000003</ele>
   </trkpt>
   <trkpt lat="45.92736000000001" lon="12.24975">
    <ele>179.50000000000003</ele>
   </trkpt>
   <trkpt lat="45.927290000000006" lon="12.249680000000001">
    <ele>184.74</ele>
   </trkpt>
   <trkpt lat="45.92645" lon="12.24934">
    <ele>192.9</ele>
   </trkpt>
   <trkpt lat="45.926300000000005" lon="12.249220000000001">
    <ele>197.69</ele>
   </trkpt>
   <trkpt lat="45.926210000000005" lon="12.24909">
    <ele>199.58</ele>
   </trkpt>
   <trkpt lat="45.92593" lon="12.248320000000001">
    <ele>208.73000000000002</ele>
   </trkpt>
   <trkpt lat="45.92589" lon="12.248280000000001">
    <ele>209.12000000000003</ele>
   </trkpt>
   <trkpt lat="45.92573" lon="12.248280000000001">
    <ele>210.42000000000002</ele>
   </trkpt>
   <trkpt lat="45.925520000000006" lon="12.2484">
    <ele>211.61</ele>
   </trkpt>
   <trkpt lat="45.92541000000001" lon="12.248410000000002">
    <ele>212.4</ele>
   </trkpt>
   <trkpt lat="45.92535" lon="12.248380000000001">
    <ele>213.36</ele>
   </trkpt>
   <trkpt lat="45.92483000000001" lon="12.247980000000002">
    <ele>220.83</ele>
   </trkpt>
   <trkpt lat="45.92457" lon="12.24768">
    <ele>226.32000000000002</ele>
   </trkpt>
   <trkpt lat="45.92448" lon="12.2476">
    <ele>228.18</ele>
   </trkpt>
   <trkpt lat="45.92441" lon="12.247580000000001">
    <ele>228.18</ele>
   </trkpt>
   <trkpt lat="45.92412" lon="12.24759">
    <ele>231.82000000000002</ele>
   </trkpt>
   <trkpt lat="45.924060000000004" lon="12.247570000000001">
    <ele>235.61</ele>
   </trkpt>
   <trkpt lat="45.92400000000001" lon="12.247520000000002">
    <ele>235.61</ele>
   </trkpt>
   <trkpt lat="45.923950000000005" lon="12.24741">
    <ele>235.61</ele>
   </trkpt>
   <trkpt lat="45.923950000000005" lon="12.24721">
    <ele>237.45000000000002</ele>
   </trkpt>
   <trkpt lat="45.92401" lon="12.24685">
    <ele>239.28000000000003</ele>
   </trkpt>
   <trkpt lat="45.92482000230973" lon="12.246427518520427">
    <ele>242.52</ele>
   </trkpt>
   <trkpt lat="45.92563000306259" lon="12.246005024703281">
    <ele>244.59000000000003</ele>
   </trkpt>
   <trkpt lat="45.926440002258495" lon="12.245582518547877">
    <ele>246.57</ele>
   </trkpt>
   <trkpt lat="45.92725" lon="12.24516">
    <ele>250.10999999999999</ele>
   </trkpt>
   <trkpt lat="45.927580000000006" lon="12.24502">
    <ele>252.15000000000003</ele>
   </trkpt>
   <trkpt lat="45.92815000013287" lon="12.244885001374621">
    <ele>254.29000000000002</ele>
   </trkpt>
   <trkpt lat="45.928720000000006" lon="12.244750000000002">
    <ele>255.42000000000004</ele>
   </trkpt>
   <trkpt lat="45.92877000000001" lon="12.24473">
    <ele>255.72</ele>
   </trkpt>
   <trkpt lat="45.929" lon="12.244580000000001">
    <ele>255.92000000000004</ele>
   </trkpt>
   <trkpt lat="45.92922" lon="12.24436">
    <ele>256.32000000000005</ele>
   </trkpt>
   <trkpt lat="45.92936" lon="12.244150000000001">
    <ele>256.34000000000003</ele>
   </trkpt>
   <trkpt lat="45.929480000000005" lon="12.24385">
    <ele>256.42</ele>
   </trkpt>
   <trkpt lat="45.929620001968765" lon="12.243180001638052">
    <ele>257.15999999999997</ele>
   </trkpt>
   <trkpt lat="45.92976" lon="12.242510000000001">
    <ele>257.24</ele>
   </trkpt>
   <trkpt lat="45.929790000000004" lon="12.24206">
    <ele>257.96000000000004</ele>
   </trkpt>
   <trkpt lat="45.92976" lon="12.241800000000001">
    <ele>258.43000000000006</ele>
   </trkpt>
   <trkpt lat="45.92946500444907" lon="12.240789994629584">
    <ele>261.02000000000004</ele>
   </trkpt>
   <trkpt lat="45.929170000000006" lon="12.239780000000001">
    <ele>260.68</ele>
   </trkpt>
   <trkpt lat="45.929100000000005" lon="12.239310000000001">
    <ele>259.84000000000003</ele>
   </trkpt>
   <trkpt lat="45.929120000000005" lon="12.239040000000001">
    <ele>259.48</ele>
   </trkpt>
   <trkpt lat="45.92918" lon="12.23873">
    <ele>259.32</ele>
   </trkpt>
   <trkpt lat="45.929320000000004" lon="12.238420000000001">
    <ele>259.27</ele>
   </trkpt>
   <trkpt lat="45.92975000214664" lon="12.237715005499819">
    <ele>260.24</ele>
   </trkpt>
   <trkpt lat="45.93018000000001" lon="12.237010000000001">
    <ele>261.23</ele>
   </trkpt>
   <trkpt lat="45.930310000000006" lon="12.23685">
    <ele>260.97</ele>
   </trkpt>
   <trkpt lat="45.930580000000006" lon="12.23666">
    <ele>260.13</ele>
   </trkpt>
   <trkpt lat="45.93100000063721" lon="12.236335002324438">
    <ele>257.02000000000004</ele>
   </trkpt>
   <trkpt lat="45.93142" lon="12.23601">
    <ele>254.81000000000003</ele>
   </trkpt>
   <trkpt lat="45.931700000000006" lon="12.235930000000002">
    <ele>251.42000000000002</ele>
   </trkpt>
   <trkpt lat="45.932430000000004" lon="12.23591">
    <ele>244.47000000000003</ele>
   </trkpt>
   <trkpt lat="45.932590000000005" lon="12.23587">
    <ele>244.47000000000003</ele>
   </trkpt>
   <trkpt lat="45.93276" lon="12.23582">
    <ele>244.47000000000003</ele>
   </trkpt>
   <trkpt lat="45.93289" lon="12.23573">
    <ele>240.0</ele>
   </trkpt>
   <trkpt lat="45.933020000000006" lon="12.235550000000002">
    <ele>240.0</ele>
   </trkpt>
   <trkpt lat="45.93312" lon="12.2353">
    <ele>237.11</ele>
   </trkpt>
   <trkpt lat="45.93318000000001" lon="12.23502">
    <ele>235.96000000000004</ele>
   </trkpt>
   <trkpt lat="45.933230023715545" lon="12.233854004218355">
    <ele>229.41000000000003</ele>
   </trkpt>
   <trkpt lat="45.933280035573084" lon="12.232688006333516">
    <ele>224.52</ele>
   </trkpt>
   <trkpt lat="45.93333003557258" lon="12.231522006345978">
    <ele>221.76000000000002</ele>
   </trkpt>
   <trkpt lat="45.93338002371397" lon="12.230356004256224">
    <ele>221.12</ele>
   </trkpt>
   <trkpt lat="45.93343" lon="12.229190000000001">
    <ele>220.76000000000002</ele>
   </trkpt>
   <trkpt lat="45.93352" lon="12.229030000000002">
    <ele>220.73000000000002</ele>
   </trkpt>
   <trkpt lat="45.93356000000001" lon="12.22902">
    <ele>220.73000000000002</ele>
   </trkpt>
   <trkpt lat="45.933710000000005" lon="12.229130000000001">
    <ele>219.74</ele>
   </trkpt>
   <trkpt lat="45.933730000000004" lon="12.22921">
    <ele>219.74</ele>
   </trkpt>
   <trkpt lat="45.933730000000004" lon="12.229400000000002">
    <ele>219.03000000000003</ele>
   </trkpt>
   <trkpt lat="45.933640000000004" lon="12.229650000000001">
    <ele>219.03000000000003</ele>
   </trkpt>
   <trkpt lat="45.933620000000005" lon="12.22982">
    <ele>215.68</ele>
   </trkpt>
   <trkpt lat="45.93365000000001" lon="12.230070000000001">
    <ele>215.68</ele>
   </trkpt>
   <trkpt lat="45.93377" lon="12.230410000000001">
    <ele>214.58</ele>
   </trkpt>
   <trkpt lat="45.934340000000006" lon="12.23126">
    <ele>211.72000000000003</ele>
   </trkpt>
   <trkpt lat="45.93478" lon="12.231860000000001">
    <ele>207.93</ele>
   </trkpt>
   <trkpt lat="45.93491" lon="12.231940000000002">
    <ele>207.49</ele>
   </trkpt>
   <trkpt lat="45.93498" lon="12.23193">
    <ele>207.49</ele>
   </trkpt>
   <trkpt lat="45.93509" lon="12.231860000000001">
    <ele>206.92000000000002</ele>
   </trkpt>
   <trkpt lat="45.93515000000001" lon="12.23173">
    <ele>206.57</ele>
   </trkpt>
   <trkpt lat="45.93515000000001" lon="12.231530000000001">
    <ele>205.70000000000002</ele>
   </trkpt>
   <trkpt lat="45.93507" lon="12.231250000000001">
    <ele>205.06</ele>
   </trkpt>
   <trkpt lat="45.934670000000004" lon="12.230340000000002">
    <ele>202.19</ele>
   </trkpt>
   <trkpt lat="45.93464" lon="12.23018">
    <ele>201.59</ele>
   </trkpt>
   <trkpt lat="45.93469" lon="12.22999">
    <ele>201.13</ele>
   </trkpt>
   <trkpt lat="45.93477" lon="12.229920000000002">
    <ele>200.88</ele>
   </trkpt>
   <trkpt lat="45.934830000000005" lon="12.229890000000001">
    <ele>200.88</ele>
   </trkpt>
   <trkpt lat="45.934940000000005" lon="12.22991">
    <ele>199.46</ele>
   </trkpt>
   <trkpt lat="45.93502" lon="12.229970000000002">
    <ele>198.91</ele>
   </trkpt>
   <trkpt lat="45.93547" lon="12.23056">
    <ele>195.99</ele>
   </trkpt>
   <trkpt lat="45.935570000000006" lon="12.23066">
    <ele>195.31</ele>
   </trkpt>
   <trkpt lat="45.93569" lon="12.230730000000001">
    <ele>195.31</ele>
   </trkpt>
   <trkpt lat="45.93587" lon="12.230780000000001">
    <ele>193.84</ele>
   </trkpt>
   <trkpt lat="45.93607" lon="12.23079">
    <ele>193.4</ele>
   </trkpt>
   <trkpt lat="45.936635000126586" lon="12.2307750001495">
    <ele>190.74</ele>
   </trkpt>
   <trkpt lat="45.937200000000004" lon="12.230760000000002">
    <ele>187.58</ele>
   </trkpt>
   <trkpt lat="45.937340000000006" lon="12.23065">
    <ele>186.62</ele>
   </trkpt>
   <trkpt lat="45.93737" lon="12.23056">
    <ele>186.62</ele>
   </trkpt>
   <trkpt lat="45.937360000000005" lon="12.23043">
    <ele>186.62</ele>
   </trkpt>
   <trkpt lat="45.93732000000001" lon="12.230340000000002">
    <ele>184.59</ele>
   </trkpt>
   <trkpt lat="45.937250000000006" lon="12.23027">
    <ele>184.59</ele>
   </trkpt>
   <trkpt lat="45.93667000000001" lon="12.23">
    <ele>182.42000000000002</ele>
   </trkpt>
   <trkpt lat="45.93657" lon="12.229930000000001">
    <ele>182.42000000000002</ele>
   </trkpt>
   <trkpt lat="45.936490000000006" lon="12.22977">
    <ele>181.52</ele>
   </trkpt>
   <trkpt lat="45.936510000000006" lon="12.229600000000001">
    <ele>181.52</ele>
   </trkpt>
   <trkpt lat="45.936640000000004" lon="12.229470000000001">
    <ele>180.36</ele>
   </trkpt>
   <trkpt lat="45.93675" lon="12.22948">
    <ele>180.36</ele>
   </trkpt>
   <trkpt lat="45.937090000000005" lon="12.229610000000001">
    <ele>179.51</ele>
   </trkpt>
   <trkpt lat="45.937760000000004" lon="12.22985">
    <ele>178.86</ele>
   </trkpt>
   <trkpt lat="45.93798" lon="12.22996">
    <ele>178.72000000000003</ele>
   </trkpt>
   <trkpt lat="45.93807" lon="12.230070000000001">
    <ele>178.57</ele>
   </trkpt>
   <trkpt lat="45.938210000000005" lon="12.230450000000001">
    <ele>178.13</ele>
   </trkpt>
   <trkpt lat="45.93838" lon="12.23126">
    <ele>176.6</ele>
   </trkpt>
   <trkpt lat="45.93847" lon="12.231380000000001">
    <ele>176.50000000000003</ele>
   </trkpt>
   <trkpt lat="45.9386" lon="12.231340000000001">
    <ele>176.04</ele>
   </trkpt>
   <trkpt lat="45.93863" lon="12.231290000000001">
    <ele>175.64000000000001</ele>
   </trkpt>
   <trkpt lat="45.93865" lon="12.23113">
    <ele>175.64000000000001</ele>
   </trkpt>
   <trkpt lat="45.93851" lon="12.23047">
    <ele>173.34000000000003</ele>
   </trkpt>
   <trkpt lat="45.93847" lon="12.23013">
    <ele>172.41</ele>
   </trkpt>
   <trkpt lat="45.938480000000006" lon="12.23004">
    <ele>172.41</ele>
   </trkpt>
   <trkpt lat="45.93853000000001" lon="12.229920000000002">
    <ele>172.14000000000001</ele>
   </trkpt>
   <trkpt lat="45.938590000000005" lon="12.22986">
    <ele>171.83</ele>
   </trkpt>
   <trkpt lat="45.93865" lon="12.22985">
    <ele>171.83</ele>
   </trkpt>
   <trkpt lat="45.93872" lon="12.229890000000001">
    <ele>171.0</ele>
   </trkpt>
   <trkpt lat="45.93878" lon="12.229970000000002">
    <ele>171.0</ele>
   </trkpt>
   <trkpt lat="45.93887" lon="12.23023">
    <ele>170.43000000000004</ele>
   </trkpt>
   <trkpt lat="45.93907" lon="12.231250000000001">
    <ele>168.79000000000002</ele>
   </trkpt>
   <trkpt lat="45.939060000000005" lon="12.231440000000001">
    <ele>168.64000000000001</ele>
   </trkpt>
   <trkpt lat="45.938990000000004" lon="12.231660000000002">
    <ele>168.14000000000001</ele>
   </trkpt>
   <trkpt lat="45.93885" lon="12.23183">
    <ele>167.72</ele>
   </trkpt>
   <trkpt lat="45.938770000000005" lon="12.23188">
    <ele>167.72</ele>
   </trkpt>
   <trkpt lat="45.938520000000004" lon="12.23192">
    <ele>167.35000000000002</ele>
   </trkpt>
   <trkpt lat="45.93786" lon="12.23187">
    <ele>165.21</ele>
   </trkpt>
   <trkpt lat="45.937760000000004" lon="12.23188">
    <ele>165.21</ele>
   </trkpt>
   <trkpt lat="45.93762" lon="12.23193">
    <ele>164.15</ele>
   </trkpt>
   <trkpt lat="45.937560000000005" lon="12.232000000000001">
    <ele>163.84</ele>
   </trkpt>
   <trkpt lat="45.93753" lon="12.232090000000001">
    <ele>163.84</ele>
   </trkpt>
   <trkpt lat="45.93751" lon="12.232220000000002">
    <ele>163.27</ele>
   </trkpt>
   <trkpt lat="45.93751" lon="12.232370000000001">
    <ele>162.95000000000002</ele>
   </trkpt>
   <trkpt lat="45.93755" lon="12.232500000000002">
    <ele>162.4</ele>
   </trkpt>
   <trkpt lat="45.93768" lon="12.232730000000002">
    <ele>161.82000000000002</ele>
   </trkpt>
   <trkpt lat="45.93804000071272" lon="12.233134997367689">
    <ele>159.42000000000002</ele>
   </trkpt>
   <trkpt lat="45.9384" lon="12.233540000000001">
    <ele>158.93</ele>
   </trkpt>
   <trkpt lat="45.938590000000005" lon="12.233830000000001">
    <ele>157.0</ele>
   </trkpt>
   <trkpt lat="45.93871" lon="12.234160000000001">
    <ele>155.72000000000003</ele>
   </trkpt>
   <trkpt lat="45.938750000000006" lon="12.234430000000001">
    <ele>155.72000000000003</ele>
   </trkpt>
   <trkpt lat="45.938810000000004" lon="12.23454">
    <ele>155.33</ele>
   </trkpt>
   <trkpt lat="45.93885" lon="12.234570000000001">
    <ele>155.33</ele>
   </trkpt>
   <trkpt lat="45.93894" lon="12.234570000000001">
    <ele>154.60000000000002</ele>
   </trkpt>
   <trkpt lat="45.938990000000004" lon="12.234520000000002">
    <ele>154.60000000000002</ele>
   </trkpt>
   <trkpt lat="45.93903" lon="12.2344">
    <ele>154.60000000000002</ele>
   </trkpt>
   <trkpt lat="45.939020000000006" lon="12.234210000000001">
    <ele>153.73</ele>
   </trkpt>
   <trkpt lat="45.938900000000004" lon="12.23365">
    <ele>152.77</ele>
   </trkpt>
   <trkpt lat="45.938900000000004" lon="12.233490000000002">
    <ele>152.44000000000003</ele>
   </trkpt>
   <trkpt lat="45.938990000000004" lon="12.23333">
    <ele>152.08</ele>
   </trkpt>
   <trkpt lat="45.93905" lon="12.23329">
    <ele>151.50000000000003</ele>
   </trkpt>
   <trkpt lat="45.939150000000005" lon="12.23329">
    <ele>151.50000000000003</ele>
   </trkpt>
   <trkpt lat="45.93923" lon="12.233340000000002">
    <ele>150.67000000000002</ele>
   </trkpt>
   <trkpt lat="45.939350000000005" lon="12.233540000000001">
    <ele>150.28000000000003</ele>
   </trkpt>
   <trkpt lat="45.939730000000004" lon="12.234350000000001">
    <ele>147.11</ele>
   </trkpt>
   <trkpt lat="45.939890000000005" lon="12.23478">
    <ele>146.34000000000003</ele>
   </trkpt>
   <trkpt lat="45.93999" lon="12.235280000000001">
    <ele>144.79</ele>
   </trkpt>
   <trkpt lat="45.940000000000005" lon="12.236220000000001">
    <ele>140.15000000000003</ele>
   </trkpt>
   <trkpt lat="45.94004" lon="12.23662">
    <ele>138.88</ele>
   </trkpt>
   <trkpt lat="45.940110000000004" lon="12.237000000000002">
    <ele>135.9</ele>
   </trkpt>
   <trkpt lat="45.94035" lon="12.237630000000001">
    <ele>133.81</ele>
   </trkpt>
   <trkpt lat="45.94042" lon="12.237860000000001">
    <ele>133.39000000000001</ele>
   </trkpt>
   <trkpt lat="45.940490000000004" lon="12.23821">
    <ele>132.68</ele>
   </trkpt>
   <trkpt lat="45.940400000000004" lon="12.239320000000001">
    <ele>130.31</ele>
   </trkpt>
   <trkpt lat="45.94042" lon="12.239690000000001">
    <ele>129.61</ele>
   </trkpt>
   <trkpt lat="45.940470000000005" lon="12.23989">
    <ele>129.53</ele>
   </trkpt>
   <trkpt lat="45.940900000000006" lon="12.24083">
    <ele>127.81</ele>
   </trkpt>
   <trkpt lat="45.941" lon="12.24117">
    <ele>127.52000000000002</ele>
   </trkpt>
   <trkpt lat="45.941050000000004" lon="12.241420000000002">
    <ele>127.44</ele>
   </trkpt>
   <trkpt lat="45.94112500182112" lon="12.242059999431904">
    <ele>127.22</ele>
   </trkpt>
   <trkpt lat="45.9412" lon="12.242700000000001">
    <ele>127.16000000000003</ele>
   </trkpt>
   <trkpt lat="45.94138" lon="12.243020000000001">
    <ele>126.94</ele>
   </trkpt>
   <trkpt lat="45.94167" lon="12.243760000000002">
    <ele>126.64</ele>
   </trkpt>
   <trkpt lat="45.942090008564584" lon="12.24474998503878">
    <ele>127.44</ele>
   </trkpt>
   <trkpt lat="45.94251000858093" lon="12.24573998507708">
    <ele>129.17000000000002</ele>
   </trkpt>
   <trkpt lat="45.942930000000004" lon="12.246730000000001">
    <ele>129.45000000000002</ele>
   </trkpt>
   <trkpt lat="45.94305000000001" lon="12.24708">
    <ele>129.32000000000002</ele>
   </trkpt>
   <trkpt lat="45.943130000000004" lon="12.247530000000001">
    <ele>128.96</ele>
   </trkpt>
   <trkpt lat="45.94316334211605" lon="12.248533332203392">
    <ele>129.45000000000002</ele>
   </trkpt>
   <trkpt lat="45.94319667545192" lon="12.249536665613453">
    <ele>130.82000000000002</ele>
   </trkpt>
   <trkpt lat="45.94323000000001" lon="12.25054">
    <ele>132.21</ele>
   </trkpt>
   <trkpt lat="45.94329500189605" lon="12.251194999484834">
    <ele>133.09</ele>
   </trkpt>
   <trkpt lat="45.943360000000006" lon="12.251850000000001">
    <ele>134.17000000000002</ele>
   </trkpt>
   <trkpt lat="45.94342" lon="12.252080000000001">
    <ele>134.17000000000002</ele>
   </trkpt>
   <trkpt lat="45.94361000000001" lon="12.25247">
    <ele>134.63</ele>
   </trkpt>
   <trkpt lat="45.94379000000001" lon="12.252680000000002">
    <ele>134.87</ele>
   </trkpt>
   <trkpt lat="45.944190000000006" lon="12.253050000000002">
    <ele>135.29000000000002</ele>
   </trkpt>
   <trkpt lat="45.94464000000001" lon="12.2535">
    <ele>136.03</ele>
   </trkpt>
   <trkpt lat="45.944840000000006" lon="12.253800000000002">
    <ele>136.64000000000001</ele>
   </trkpt>
   <trkpt lat="45.944970000000005" lon="12.25406">
    <ele>137.01000000000002</ele>
   </trkpt>
   <trkpt lat="45.945100000000004" lon="12.254460000000002">
    <ele>138.0</ele>
   </trkpt>
   <trkpt lat="45.94516" lon="12.254700000000001">
    <ele>138.74</ele>
   </trkpt>
   <trkpt lat="45.94542334548521" lon="12.255879988823072">
    <ele>143.15</ele>
   </trkpt>
   <trkpt lat="45.94568667882615" lon="12.257059988856978">
    <ele>151.12</ele>
   </trkpt>
   <trkpt lat="45.94595" lon="12.25824">
    <ele>155.91000000000003</ele>
   </trkpt>
   <trkpt lat="45.94596000000001" lon="12.25867">
    <ele>156.15</ele>
   </trkpt>
   <trkpt lat="45.94594" lon="12.258880000000001">
    <ele>156.15</ele>
   </trkpt>
   <trkpt lat="45.945890000000006" lon="12.259070000000001">
    <ele>156.06</ele>
   </trkpt>
   <trkpt lat="45.9457" lon="12.259450000000001">
    <ele>153.71</ele>
   </trkpt>
   <trkpt lat="45.94529000000001" lon="12.259920000000001">
    <ele>148.79</ele>
   </trkpt>
   <trkpt lat="45.945150000000005" lon="12.26012">
    <ele>148.79</ele>
   </trkpt>
   <trkpt lat="45.94505" lon="12.260280000000002">
    <ele>146.3</ele>
   </trkpt>
   <trkpt lat="45.94498" lon="12.26046">
    <ele>146.3</ele>
   </trkpt>
   <trkpt lat="45.94492" lon="12.260670000000001">
    <ele>144.18</ele>
   </trkpt>
   <trkpt lat="45.944860000000006" lon="12.26115">
    <ele>141.02</ele>
   </trkpt>
   <trkpt lat="45.94483500207396" lon="12.261840000374656">
    <ele>137.45000000000002</ele>
   </trkpt>
   <trkpt lat="45.944810000000004" lon="12.262530000000002">
    <ele>132.44</ele>
   </trkpt>
   <trkpt lat="45.94478" lon="12.262690000000001">
    <ele>132.44</ele>
   </trkpt>
   <trkpt lat="45.944610000000004" lon="12.263290000000001">
    <ele>127.66000000000003</ele>
   </trkpt>
   <trkpt lat="45.94433" lon="12.26392">
    <ele>124.45</ele>
   </trkpt>
   <trkpt lat="45.94417000000001" lon="12.264360000000002">
    <ele>121.75000000000001</ele>
   </trkpt>
   <trkpt lat="45.94390000381392" lon="12.265295004548642">
    <ele>116.9</ele>
   </trkpt>
   <trkpt lat="45.943630000000006" lon="12.26623">
    <ele>114.74000000000001</ele>
   </trkpt>
   <trkpt lat="45.94341000000001" lon="12.266810000000001">
    <ele>113.74000000000001</ele>
   </trkpt>
   <trkpt lat="45.94295001138907" lon="12.267742523185605">
    <ele>111.59</ele>
   </trkpt>
   <trkpt lat="45.9424900151937" lon="12.268675030896889">
    <ele>109.68</ele>
   </trkpt>
   <trkpt lat="45.942030011414126" lon="12.269607523134104">
    <ele>106.95</ele>
   </trkpt>
   <trkpt lat="45.941570000000006" lon="12.27054">
    <ele>104.46000000000001</ele>
   </trkpt>
   <trkpt lat="45.941055004423866" lon="12.271545009297725">
    <ele>102.64</ele>
   </trkpt>
   <trkpt lat="45.940540000000006" lon="12.27255">
    <ele>105.48</ele>
   </trkpt>
   <trkpt lat="45.94044" lon="12.2728">
    <ele>108.22000000000001</ele>
   </trkpt>
   <trkpt lat="45.940380000000005" lon="12.273040000000002">
    <ele>109.55000000000001</ele>
   </trkpt>
   <trkpt lat="45.940360000000005" lon="12.273230000000002">
    <ele>110.64</ele>
   </trkpt>
   <trkpt lat="45.94037" lon="12.273430000000001">
    <ele>111.39</ele>
   </trkpt>
   <trkpt lat="45.9403" lon="12.273610000000001">
    <ele>111.84</ele>
   </trkpt>
   <trkpt lat="45.9401" lon="12.27369">
    <ele>110.16000000000001</ele>
   </trkpt>
   <trkpt lat="45.93945666678748" lon="12.273566663802411">
    <ele>104.87</ele>
   </trkpt>
   <trkpt lat="45.93881333344227" lon="12.273443330466845">
    <ele>102.42000000000002</ele>
   </trkpt>
   <trkpt lat="45.93817000000001" lon="12.273320000000002">
    <ele>101.84000000000002</ele>
   </trkpt>
   <trkpt lat="45.937830000000005" lon="12.273330000000001">
    <ele>101.44</ele>
   </trkpt>
   <trkpt lat="45.937030000930875" lon="12.2735383483652">
    <ele>100.97</ele>
   </trkpt>
   <trkpt lat="45.936230001483146" lon="12.273746690718825">
    <ele>100.93</ele>
   </trkpt>
   <trkpt lat="45.935430001656826" lon="12.273955027061207">
    <ele>100.98000000000002</ele>
   </trkpt>
   <trkpt lat="45.934630001451964" lon="12.274163357392691">
    <ele>101.47</ele>
   </trkpt>
   <trkpt lat="45.93383000086857" lon="12.274371681713612">
    <ele>103.78000000000002</ele>
   </trkpt>
   <trkpt lat="45.93303" lon="12.27458">
    <ele>109.45</ele>
   </trkpt>
   <trkpt lat="45.932930000000006" lon="12.27458">
    <ele>110.4</ele>
   </trkpt>
   <trkpt lat="45.93285" lon="12.274540000000002">
    <ele>110.4</ele>
   </trkpt>
   <trkpt lat="45.93278" lon="12.274460000000001">
    <ele>112.88000000000001</ele>
   </trkpt>
   <trkpt lat="45.93273000000001" lon="12.274370000000001">
    <ele>112.88000000000001</ele>
   </trkpt>
   <trkpt lat="45.932700000000004" lon="12.27425">
    <ele>113.84</ele>
   </trkpt>
   <trkpt lat="45.932700000000004" lon="12.27411">
    <ele>113.84</ele>
   </trkpt>
   <trkpt lat="45.93273000000001" lon="12.273980000000002">
    <ele>115.91000000000001</ele>
   </trkpt>
   <trkpt lat="45.932970000000005" lon="12.27336">
    <ele>118.56000000000002</ele>
   </trkpt>
   <trkpt lat="45.933040000000005" lon="12.273050000000001">
    <ele>121.00000000000001</ele>
   </trkpt>
   <trkpt lat="45.933040000000005" lon="12.272630000000001">
    <ele>124.80000000000001</ele>
   </trkpt>
   <trkpt lat="45.932950000000005" lon="12.27237">
    <ele>124.80000000000001</ele>
   </trkpt>
   <trkpt lat="45.932860000000005" lon="12.272200000000002">
    <ele>127.06</ele>
   </trkpt>
   <trkpt lat="45.932680000000005" lon="12.272020000000001">
    <ele>129.09</ele>
   </trkpt>
   <trkpt lat="45.9326" lon="12.271980000000001">
    <ele>130.38000000000002</ele>
   </trkpt>
   <trkpt lat="45.932430000000004" lon="12.27194">
    <ele>131.3</ele>
   </trkpt>
   <trkpt lat="45.931960000000004" lon="12.271910000000002">
    <ele>138.65000000000003</ele>
   </trkpt>
   <trkpt lat="45.93171" lon="12.271790000000001">
    <ele>138.65000000000003</ele>
   </trkpt>
   <trkpt lat="45.93151" lon="12.271550000000001">
    <ele>143.22</ele>
   </trkpt>
   <trkpt lat="45.931360000000005" lon="12.271210000000002">
    <ele>143.22</ele>
   </trkpt>
   <trkpt lat="45.93097000521575" lon="12.270114992263197">
    <ele>158.83</ele>
   </trkpt>
   <trkpt lat="45.930580000000006" lon="12.269020000000001">
    <ele>167.91</ele>
   </trkpt>
   <trkpt lat="45.930460000000004" lon="12.268860000000002">
    <ele>167.64000000000001</ele>
   </trkpt>
   <trkpt lat="45.930150000000005" lon="12.26867">
    <ele>167.71000000000004</ele>
   </trkpt>
   <trkpt lat="45.93009000000001" lon="12.268650000000001">
    <ele>167.73000000000002</ele>
   </trkpt>
   <trkpt lat="45.92996" lon="12.268640000000001">
    <ele>167.67000000000002</ele>
   </trkpt>
   <trkpt lat="45.9299" lon="12.26866">
    <ele>167.67000000000002</ele>
   </trkpt>
   <trkpt lat="45.92949500046826" lon="12.268945002000752">
    <ele>166.9</ele>
   </trkpt>
   <trkpt lat="45.92909" lon="12.26923">
    <ele>166.31</ele>
   </trkpt>
   <trkpt lat="45.928490000000004" lon="12.269630000000001">
    <ele>165.51000000000002</ele>
   </trkpt>
   <trkpt lat="45.92826" lon="12.269850000000002">
    <ele>165.4</ele>
   </trkpt>
   <trkpt lat="45.92764000342891" lon="12.27075001020978">
    <ele>165.22</ele>
   </trkpt>
   <trkpt lat="45.927020000000006" lon="12.271650000000001">
    <ele>164.97</ele>
   </trkpt>
   <trkpt lat="45.926880000000004" lon="12.271840000000001">
    <ele>165.0</ele>
   </trkpt>
   <trkpt lat="45.92611" lon="12.272490000000001">
    <ele>163.75</ele>
   </trkpt>
   <trkpt lat="45.92573" lon="12.272870000000001">
    <ele>160.43</ele>
   </trkpt>
   <trkpt lat="45.925140000000006" lon="12.27341">
    <ele>157.26000000000002</ele>
   </trkpt>
   <trkpt lat="45.92484" lon="12.273750000000001">
    <ele>155.31</ele>
   </trkpt>
   <trkpt lat="45.924380000000006" lon="12.27433">
    <ele>152.29</ele>
   </trkpt>
   <trkpt lat="45.92409000000001" lon="12.27466">
    <ele>151.17</ele>
   </trkpt>
   <trkpt lat="45.92341500203244" lon="12.275335008167275">
    <ele>148.11</ele>
   </trkpt>
   <trkpt lat="45.922740000000005" lon="12.276010000000001">
    <ele>145.83</ele>
   </trkpt>
   <trkpt lat="45.92249" lon="12.276200000000001">
    <ele>145.98</ele>
   </trkpt>
   <trkpt lat="45.922200000000004" lon="12.27636">
    <ele>146.63</ele>
   </trkpt>
   <trkpt lat="45.92161" lon="12.276610000000002">
    <ele>146.82</ele>
   </trkpt>
   <trkpt lat="45.920750000000005" lon="12.27682">
    <ele>142.20000000000002</ele>
   </trkpt>
   <trkpt lat="45.92047" lon="12.276950000000001">
    <ele>139.22</ele>
   </trkpt>
   <trkpt lat="45.91990500069833" lon="12.277355004136284">
    <ele>134.97</ele>
   </trkpt>
   <trkpt lat="45.919340000000005" lon="12.27776">
    <ele>130.39000000000001</ele>
   </trkpt>
   <trkpt lat="45.91913" lon="12.277870000000002">
    <ele>130.39000000000001</ele>
   </trkpt>
   <trkpt lat="45.918960000000006" lon="12.277930000000001">
    <ele>128.17000000000002</ele>
   </trkpt>
   <trkpt lat="45.91848499993233" lon="12.277980000436296">
    <ele>125.71000000000001</ele>
   </trkpt>
   <trkpt lat="45.91801" lon="12.278030000000001">
    <ele>123.81</ele>
   </trkpt>
   <trkpt lat="45.917880000000004" lon="12.27809">
    <ele>123.57000000000001</ele>
   </trkpt>
   <trkpt lat="45.91722500093219" lon="12.27853500520615">
    <ele>122.15</ele>
   </trkpt>
   <trkpt lat="45.91657000000001" lon="12.27898">
    <ele>120.52000000000001</ele>
   </trkpt>
   <trkpt lat="45.91621000000001" lon="12.27926">
    <ele>119.12</ele>
   </trkpt>
   <trkpt lat="45.916000000000004" lon="12.279380000000002">
    <ele>118.38000000000001</ele>
   </trkpt>
   <trkpt lat="45.91586" lon="12.27941">
    <ele>117.20000000000002</ele>
   </trkpt>
   <trkpt lat="45.915110000000006" lon="12.27932">
    <ele>114.71000000000001</ele>
   </trkpt>
   <trkpt lat="45.914880000000004" lon="12.27935">
    <ele>114.57000000000001</ele>
   </trkpt>
   <trkpt lat="45.914500000000004" lon="12.279440000000001">
    <ele>114.19000000000001</ele>
   </trkpt>
   <trkpt lat="45.91433000000001" lon="12.27951">
    <ele>114.08000000000001</ele>
   </trkpt>
   <trkpt lat="45.913880000000006" lon="12.279760000000001">
    <ele>112.5</ele>
   </trkpt>
   <trkpt lat="45.91353" lon="12.27987">
    <ele>109.73</ele>
   </trkpt>
   <trkpt lat="45.913380000000004" lon="12.279890000000002">
    <ele>108.83000000000001</ele>
   </trkpt>
   <trkpt lat="45.912650000000006" lon="12.279860000000001">
    <ele>99.86</ele>
   </trkpt>
   <trkpt lat="45.912380000000006" lon="12.279890000000002">
    <ele>98.26</ele>
   </trkpt>
   <trkpt lat="45.91191499998986" lon="12.279995000892875">
    <ele>94.38000000000001</ele>
   </trkpt>
   <trkpt lat="45.91145" lon="12.280100000000001">
    <ele>92.61000000000001</ele>
   </trkpt>
   <trkpt lat="45.91129" lon="12.280170000000002">
    <ele>91.77</ele>
   </trkpt>
   <trkpt lat="45.91122000000001" lon="12.280230000000001">
    <ele>91.77</ele>
   </trkpt>
   <trkpt lat="45.91062" lon="12.281030000000001">
    <ele>88.26</ele>
   </trkpt>
   <trkpt lat="45.91031" lon="12.28138">
    <ele>85.98</ele>
   </trkpt>
   <trkpt lat="45.90983000000001" lon="12.28203">
    <ele>83.56</ele>
   </trkpt>
   <trkpt lat="45.90934" lon="12.28279">
    <ele>79.62</ele>
   </trkpt>
   <trkpt lat="45.909110000000005" lon="12.283040000000002">
    <ele>78.7</ele>
   </trkpt>
   <trkpt lat="45.90899" lon="12.283130000000002">
    <ele>78.41000000000001</ele>
   </trkpt>
   <trkpt lat="45.908570000000005" lon="12.2833">
    <ele>77.75</ele>
   </trkpt>
   <trkpt lat="45.908440000000006" lon="12.283320000000002">
    <ele>77.72000000000001</ele>
   </trkpt>
   <trkpt lat="45.90827" lon="12.2833">
    <ele>77.79</ele>
   </trkpt>
   <trkpt lat="45.9078" lon="12.28292">
    <ele>77.96</ele>
   </trkpt>
   <trkpt lat="45.90766000000001" lon="12.28288">
    <ele>78.06</ele>
   </trkpt>
   <trkpt lat="45.9076" lon="12.282900000000001">
    <ele>78.06</ele>
   </trkpt>
   <trkpt lat="45.907540000000004" lon="12.282950000000001">
    <ele>78.06</ele>
   </trkpt>
   <trkpt lat="45.90749" lon="12.283040000000002">
    <ele>78.07</ele>
   </trkpt>
   <trkpt lat="45.90724" lon="12.283790000000002">
    <ele>77.68</ele>
   </trkpt>
   <trkpt lat="45.907160000000005" lon="12.28396">
    <ele>77.59</ele>
   </trkpt>
   <trkpt lat="45.90691" lon="12.28433">
    <ele>76.98</ele>
   </trkpt>
   <trkpt lat="45.906600000000005" lon="12.284580000000002">
    <ele>76.76</ele>
   </trkpt>
   <trkpt lat="45.90645000000001" lon="12.284650000000001">
    <ele>76.65</ele>
   </trkpt>
   <trkpt lat="45.906220000000005" lon="12.284730000000001">
    <ele>76.74</ele>
   </trkpt>
   <trkpt lat="45.906020000000005" lon="12.284770000000002">
    <ele>77.18</ele>
   </trkpt>
   <trkpt lat="45.905800000000006" lon="12.284740000000001">
    <ele>77.29</ele>
   </trkpt>
   <trkpt lat="45.905750000000005" lon="12.28439">
    <ele>77.05000000000001</ele>
   </trkpt>
   <trkpt lat="45.905660000000005" lon="12.28406">
    <ele>76.45</ele>
   </trkpt>
   <trkpt lat="45.905170000000005" lon="12.28349">
    <ele>75.86000000000001</ele>
   </trkpt>
   <trkpt lat="45.904970000000006" lon="12.283230000000001">
    <ele>75.71</ele>
   </trkpt>
   <trkpt lat="45.90491" lon="12.28292">
    <ele>75.94000000000001</ele>
   </trkpt>
   <trkpt lat="45.90547668132653" lon="12.282100041855726">
    <ele>76.50000000000001</ele>
   </trkpt>
   <trkpt lat="45.90604335678868" lon="12.28128006697092">
    <ele>77.26</ele>
   </trkpt>
   <trkpt lat="45.906610026386204" lon="12.280460075345085">
    <ele>77.97000000000001</ele>
   </trkpt>
   <trkpt lat="45.90717669011886" lon="12.279640066977718">
    <ele>78.67</ele>
   </trkpt>
   <trkpt lat="45.90774334798644" lon="12.278820041868324">
    <ele>79.42999999999999</ele>
   </trkpt>
   <trkpt lat="45.90831000000001" lon="12.278">
    <ele>80.34</ele>
   </trkpt>
   <trkpt lat="45.908873339276724" lon="12.277176683333764">
    <ele>81.30000000000001</ele>
   </trkpt>
   <trkpt lat="45.90943667264093" lon="12.276353349955578">
    <ele>82.26</ele>
   </trkpt>
   <trkpt lat="45.910000000000004" lon="12.275530000000002">
    <ele>83.08</ele>
   </trkpt>
   <trkpt lat="45.91046" lon="12.274930000000001">
    <ele>83.59</ele>
   </trkpt>
   <trkpt lat="45.910630000000005" lon="12.27467">
    <ele>83.66000000000001</ele>
   </trkpt>
   <trkpt lat="45.910680000000006" lon="12.27466">
    <ele>83.66000000000001</ele>
   </trkpt>
   <trkpt lat="45.91073" lon="12.27457">
    <ele>83.89</ele>
   </trkpt>
   <trkpt lat="45.91113000095444" lon="12.274140002939829">
    <ele>84.30000000000001</ele>
   </trkpt>
   <trkpt lat="45.911530000000006" lon="12.273710000000001">
    <ele>84.62</ele>
   </trkpt>
   <trkpt lat="45.91224500227005" lon="12.272985009362712">
    <ele>85.10000000000001</ele>
   </trkpt>
   <trkpt lat="45.912960000000005" lon="12.272260000000001">
    <ele>85.73</ele>
   </trkpt>
   <trkpt lat="45.913450002289125" lon="12.271750008984544">
    <ele>86.07000000000001</ele>
   </trkpt>
   <trkpt lat="45.91394000230963" lon="12.27124000896332">
    <ele>86.55</ele>
   </trkpt>
   <trkpt lat="45.91443" lon="12.27073">
    <ele>87.07000000000001</ele>
   </trkpt>
   <trkpt lat="45.914997504315195" lon="12.270155017650996">
    <ele>87.96000000000001</ele>
   </trkpt>
   <trkpt lat="45.915565005746714" lon="12.269580023541979">
    <ele>88.48</ele>
   </trkpt>
   <trkpt lat="45.91613250429446" lon="12.269005017672528">
    <ele>88.92000000000002</ele>
   </trkpt>
   <trkpt lat="45.916700000000006" lon="12.26843">
    <ele>89.87</ele>
   </trkpt>
   <trkpt lat="45.91737429852884" lon="12.26773005104442">
    <ele>90.74</ele>
   </trkpt>
   <trkpt lat="45.918048592784324" lon="12.267030085077467">
    <ele>91.43</ele>
   </trkpt>
   <trkpt lat="45.91872288276625" lon="12.266330102098431">
    <ele>92.66000000000001</ele>
   </trkpt>
   <trkpt lat="45.91939716847441" lon="12.265630102106611">
    <ele>93.38000000000001</ele>
   </trkpt>
   <trkpt lat="45.920071449908654" lon="12.2649300851013">
    <ele>93.97000000000001</ele>
   </trkpt>
   <trkpt lat="45.92074572706869" lon="12.264230051081789">
    <ele>95.0</ele>
   </trkpt>
   <trkpt lat="45.921420000000005" lon="12.263530000000001">
    <ele>96.38000000000001</ele>
   </trkpt>
   <trkpt lat="45.92208800801331" lon="12.262852032659">
    <ele>97.75</ele>
   </trkpt>
   <trkpt lat="45.92275601201748" lon="12.262174048991886">
    <ele>98.29</ele>
   </trkpt>
   <trkpt lat="45.923424012012326" lon="12.261496048997985">
    <ele>99.69000000000001</ele>
   </trkpt>
   <trkpt lat="45.92409200799766" lon="12.260818032676623">
    <ele>100.28</ele>
   </trkpt>
   <trkpt lat="45.924760000000006" lon="12.260140000000002">
    <ele>101.19</ele>
   </trkpt>
   <trkpt lat="45.92544500227895" lon="12.259420008871519">
    <ele>102.21000000000001</ele>
   </trkpt>
   <trkpt lat="45.92613" lon="12.258700000000001">
    <ele>103.20000000000002</ele>
   </trkpt>
   <trkpt lat="45.926810006339196" lon="12.258002525677632">
    <ele>104.05</ele>
   </trkpt>
   <trkpt lat="45.92749000843525" lon="12.25730503425491">
    <ele>104.87</ele>
   </trkpt>
   <trkpt lat="45.928170006287964" lon="12.256607525731111">
    <ele>105.51</ele>
   </trkpt>
   <trkpt lat="45.928850000000004" lon="12.255910000000002">
    <ele>106.53000000000002</ele>
   </trkpt>
   <trkpt lat="45.929" lon="12.25553">
    <ele>107.22000000000001</ele>
   </trkpt>
   <trkpt lat="45.929" lon="12.25539">
    <ele>107.36000000000001</ele>
   </trkpt>
   <trkpt lat="45.92884" lon="12.255160000000002">
    <ele>107.08000000000001</ele>
   </trkpt>
   <trkpt lat="45.92830500128495" lon="12.25463999508731">
    <ele>112.63000000000001</ele>
   </trkpt>
   <trkpt lat="45.92777" lon="12.25412">
    <ele>119.75</ele>
   </trkpt>
   <trkpt lat="45.92731500082528" lon="12.253694996548994">
    <ele>126.58</ele>
   </trkpt>
   <trkpt lat="45.926860000000005" lon="12.25327">
    <ele>138.77</ele>
   </trkpt>
   <trkpt lat="45.926640000000006" lon="12.25275">
    <ele>144.79</ele>
   </trkpt>
   <trkpt lat="45.926610000000004" lon="12.25261">
    <ele>147.04</ele>
   </trkpt>
   <trkpt lat="45.92662000000001" lon="12.25224">
    <ele>149.8</ele>
   </trkpt>
   <trkpt lat="45.92671000000001" lon="12.251600000000002">
    <ele>156.04000000000002</ele>
   </trkpt>
   <trkpt lat="45.926590000000004" lon="12.25088">
    <ele>168.76000000000002</ele>
   </trkpt>
   <trkpt lat="45.9266" lon="12.250750000000002">
    <ele>170.34</ele>
   </trkpt>
   <trkpt lat="45.92676" lon="12.250530000000001">
    <ele>172.97</ele>
   </trkpt>
   <trkpt lat="45.92692" lon="12.250190000000002">
    <ele>176.04</ele>
   </trkpt>
   <trkpt lat="45.92696" lon="12.250150000000001">
    <ele>176.26000000000002</ele>
   </trkpt>
   <trkpt lat="45.92732" lon="12.24998">
    <ele>178.33</ele>
   </trkpt>
   <trkpt lat="45.92738000000001" lon="12.2499">
    <ele>179.50000000000003</ele>
   </trkpt>
   <trkpt lat="45.92738000000001" lon="12.2498">
    <ele>179.50000000000003</ele>
   </trkpt>
   <trkpt lat="45.92736000000001" lon="12.24975">
    <ele>179.50000000000003</ele>
   </trkpt>
   <trkpt lat="45.927290000000006" lon="12.249680000000001">
    <ele>184.74</ele>
   </trkpt>
   <trkpt lat="45.92645" lon="12.24934">
    <ele>192.9</ele>
   </trkpt>
   <trkpt lat="45.926300000000005" lon="12.249220000000001">
    <ele>197.69</ele>
   </trkpt>
   <trkpt lat="45.926210000000005" lon="12.24909">
    <ele>199.58</ele>
   </trkpt>
   <trkpt lat="45.92593" lon="12.248320000000001">
    <ele>208.73000000000002</ele>
   </trkpt>
   <trkpt lat="45.92589" lon="12.248280000000001">
    <ele>209.12000000000003</ele>
   </trkpt>
   <trkpt lat="45.92573" lon="12.248280000000001">
    <ele>210.42000000000002</ele>
   </trkpt>
   <trkpt lat="45.925520000000006" lon="12.2484">
    <ele>211.61</ele>
   </trkpt>
   <trkpt lat="45.92541000000001" lon="12.248410000000002">
    <ele>212.4</ele>
   </trkpt>
   <trkpt lat="45.92535" lon="12.248380000000001">
    <ele>213.36</ele>
   </trkpt>
   <trkpt lat="45.92483000000001" lon="12.247980000000002">
    <ele>220.83</ele>
   </trkpt>
   <trkpt lat="45.92457" lon="12.24768">
    <ele>226.32000000000002</ele>
   </trkpt>
   <trkpt lat="45.92448" lon="12.2476">
    <ele>228.18</ele>
   </trkpt>
   <trkpt lat="45.92441" lon="12.247580000000001">
    <ele>228.18</ele>
   </trkpt>
   <trkpt lat="45.92412" lon="12.24759">
    <ele>231.82000000000002</ele>
   </trkpt>
   <trkpt lat="45.924060000000004" lon="12.247570000000001">
    <ele>235.61</ele>
   </trkpt>
   <trkpt lat="45.92400000000001" lon="12.247520000000002">
    <ele>235.61</ele>
   </trkpt>
   <trkpt lat="45.923950000000005" lon="12.24741">
    <ele>235.61</ele>
   </trkpt>
   <trkpt lat="45.923950000000005" lon="12.24721">
    <ele>237.45000000000002</ele>
   </trkpt>
   <trkpt lat="45.92401" lon="12.24685">
    <ele>239.28000000000003</ele>
   </trkpt>
   <trkpt lat="45.92482000230973" lon="12.246427518520427">
    <ele>242.52</ele>
   </trkpt>
   <trkpt lat="45.92563000306259" lon="12.246005024703281">
    <ele>244.59000000000003</ele>
   </trkpt>
   <trkpt lat="45.926440002258495" lon="12.245582518547877">
    <ele>246.57</ele>
   </trkpt>
   <trkpt lat="45.92725" lon="12.24516">
    <ele>250.10999999999999</ele>
   </trkpt>
   <trkpt lat="45.927580000000006" lon="12.24502">
    <ele>252.15000000000003</ele>
   </trkpt>
   <trkpt lat="45.92815000013287" lon="12.244885001374621">
    <ele>254.29000000000002</ele>
   </trkpt>
   <trkpt lat="45.928720000000006" lon="12.244750000000002">
    <ele>255.42000000000004</ele>
   </trkpt>
   <trkpt lat="45.92877000000001" lon="12.24473">
    <ele>255.72</ele>
   </trkpt>
   <trkpt lat="45.929" lon="12.244580000000001">
    <ele>255.92000000000004</ele>
   </trkpt>
   <trkpt lat="45.92922" lon="12.24436">
    <ele>256.32000000000005</ele>
   </trkpt>
   <trkpt lat="45.92936" lon="12.244150000000001">
    <ele>256.34000000000003</ele>
   </trkpt>
   <trkpt lat="45.929480000000005" lon="12.24385">
    <ele>256.42</ele>
   </trkpt>
   <trkpt lat="45.929620001968765" lon="12.243180001638052">
    <ele>257.15999999999997</ele>
   </trkpt>
   <trkpt lat="45.92976" lon="12.242510000000001">
    <ele>257.24</ele>
   </trkpt>
   <trkpt lat="45.929790000000004" lon="12.24206">
    <ele>257.96000000000004</ele>
   </trkpt>
   <trkpt lat="45.92976" lon="12.241800000000001">
    <ele>258.43000000000006</ele>
   </trkpt>
   <trkpt lat="45.92946500444907" lon="12.240789994629584">
    <ele>261.02000000000004</ele>
   </trkpt>
   <trkpt lat="45.929170000000006" lon="12.239780000000001">
    <ele>260.68</ele>
   </trkpt>
   <trkpt lat="45.929100000000005" lon="12.239310000000001">
    <ele>259.84000000000003</ele>
   </trkpt>
   <trkpt lat="45.929120000000005" lon="12.239040000000001">
    <ele>259.48</ele>
   </trkpt>
   <trkpt lat="45.92918" lon="12.23873">
    <ele>259.32</ele>
   </trkpt>
   <trkpt lat="45.929320000000004" lon="12.238420000000001">
    <ele>259.27</ele>
   </trkpt>
   <trkpt lat="45.92975000214664" lon="12.237715005499819">
    <ele>260.24</ele>
   </trkpt>
   <trkpt lat="45.93018000000001" lon="12.237010000000001">
    <ele>261.23</ele>
   </trkpt>
   <trkpt lat="45.930310000000006" lon="12.23685">
    <ele>260.97</ele>
   </trkpt>
   <trkpt lat="45.930580000000006" lon="12.23666">
    <ele>260.13</ele>
   </trkpt>
   <trkpt lat="45.93100000063721" lon="12.236335002324438">
    <ele>257.02000000000004</ele>
   </trkpt>
   <trkpt lat="45.93142" lon="12.23601">
    <ele>254.81000000000003</ele>
   </trkpt>
   <trkpt lat="45.931700000000006" lon="12.235930000000002">
    <ele>251.42000000000002</ele>
   </trkpt>
   <trkpt lat="45.932430000000004" lon="12.23591">
    <ele>244.47000000000003</ele>
   </trkpt>
   <trkpt lat="45.932590000000005" lon="12.23587">
    <ele>244.47000000000003</ele>
   </trkpt>
   <trkpt lat="45.93276" lon="12.23582">
    <ele>244.47000000000003</ele>
   </trkpt>
   <trkpt lat="45.93289" lon="12.23573">
    <ele>240.0</ele>
   </trkpt>
   <trkpt lat="45.933020000000006" lon="12.235550000000002">
    <ele>240.0</ele>
   </trkpt>
   <trkpt lat="45.93312" lon="12.2353">
    <ele>237.11</ele>
   </trkpt>
   <trkpt lat="45.93318000000001" lon="12.23502">
    <ele>235.96000000000004</ele>
   </trkpt>
   <trkpt lat="45.933230023715545" lon="12.233854004218355">
    <ele>229.41000000000003</ele>
   </trkpt>
   <trkpt lat="45.933280035573084" lon="12.232688006333516">
    <ele>224.52</ele>
   </trkpt>
   <trkpt lat="45.93333003557258" lon="12.231522006345978">
    <ele>221.76000000000002</ele>
   </trkpt>
   <trkpt lat="45.93338002371397" lon="12.230356004256224">
    <ele>221.12</ele>
   </trkpt>
   <trkpt lat="45.93343" lon="12.229190000000001">
    <ele>220.76000000000002</ele>
   </trkpt>
   <trkpt lat="45.93352" lon="12.229030000000002">
    <ele>220.73000000000002</ele>
   </trkpt>
   <trkpt lat="45.93356000000001" lon="12.22902">
    <ele>220.73000000000002</ele>
   </trkpt>
   <trkpt lat="45.933710000000005" lon="12.229130000000001">
    <ele>219.74</ele>
   </trkpt>
   <trkpt lat="45.933730000000004" lon="12.22921">
    <ele>219.74</ele>
   </trkpt>
   <trkpt lat="45.933730000000004" lon="12.229400000000002">
    <ele>219.03000000000003</ele>
   </trkpt>
   <trkpt lat="45.933640000000004" lon="12.229650000000001">
    <ele>219.03000000000003</ele>
   </trkpt>
   <trkpt lat="45.933620000000005" lon="12.22982">
    <ele>215.68</ele>
   </trkpt>
   <trkpt lat="45.93365000000001" lon="12.230070000000001">
    <ele>215.68</ele>
   </trkpt>
   <trkpt lat="45.93377" lon="12.230410000000001">
    <ele>214.58</ele>
   </trkpt>
   <trkpt lat="45.934340000000006" lon="12.23126">
    <ele>211.72000000000003</ele>
   </trkpt>
   <trkpt lat="45.93478" lon="12.231860000000001">
    <ele>207.93</ele>
   </trkpt>
   <trkpt lat="45.93491" lon="12.231940000000002">
    <ele>207.49</ele>
   </trkpt>
   <trkpt lat="45.93498" lon="12.23193">
    <ele>207.49</ele>
   </trkpt>
   <trkpt lat="45.93509" lon="12.231860000000001">
    <ele>206.92000000000002</ele>
   </trkpt>
   <trkpt lat="45.93515000000001" lon="12.23173">
    <ele>206.57</ele>
   </trkpt>
   <trkpt lat="45.93515000000001" lon="12.231530000000001">
    <ele>205.70000000000002</ele>
   </trkpt>
   <trkpt lat="45.93507" lon="12.231250000000001">
    <ele>205.06</ele>
   </trkpt>
   <trkpt lat="45.934670000000004" lon="12.230340000000002">
    <ele>202.19</ele>
   </trkpt>
   <trkpt lat="45.93464" lon="12.23018">
    <ele>201.59</ele>
   </trkpt>
   <trkpt lat="45.93469" lon="12.22999">
    <ele>201.13</ele>
   </trkpt>
   <trkpt lat="45.93477" lon="12.229920000000002">
    <ele>200.88</ele>
   </trkpt>
   <trkpt lat="45.934830000000005" lon="12.229890000000001">
    <ele>200.88</ele>
   </trkpt>
   <trkpt lat="45.934940000000005" lon="12.22991">
    <ele>199.46</ele>
   </trkpt>
   <trkpt lat="45.93502" lon="12.229970000000002">
    <ele>198.91</ele>
   </trkpt>
   <trkpt lat="45.93547" lon="12.23056">
    <ele>195.99</ele>
   </trkpt>
   <trkpt lat="45.935570000000006" lon="12.23066">
    <ele>195.31</ele>
   </trkpt>
   <trkpt lat="45.93569" lon="12.230730000000001">
    <ele>195.31</ele>
   </trkpt>
   <trkpt lat="45.93587" lon="12.230780000000001">
    <ele>193.84</ele>
   </trkpt>
   <trkpt lat="45.93607" lon="12.23079">
    <ele>193.4</ele>
   </trkpt>
   <trkpt lat="45.936635000126586" lon="12.2307750001495">
    <ele>190.74</ele>
   </trkpt>
   <trkpt lat="45.937200000000004" lon="12.230760000000002">
    <ele>187.58</ele>
   </trkpt>
   <trkpt lat="45.937340000000006" lon="12.23065">
    <ele>186.62</ele>
   </trkpt>
   <trkpt lat="45.93737" lon="12.23056">
    <ele>186.62</ele>
   </trkpt>
   <trkpt lat="45.937360000000005" lon="12.23043">
    <ele>186.62</ele>
   </trkpt>
   <trkpt lat="45.93732000000001" lon="12.230340000000002">
    <ele>184.59</ele>
   </trkpt>
   <trkpt lat="45.937250000000006" lon="12.23027">
    <ele>184.59</ele>
   </trkpt>
   <trkpt lat="45.93667000000001" lon="12.23">
    <ele>182.42000000000002</ele>
   </trkpt>
   <trkpt lat="45.93657" lon="12.229930000000001">
    <ele>182.42000000000002</ele>
   </trkpt>
   <trkpt lat="45.936490000000006" lon="12.22977">
    <ele>181.52</ele>
   </trkpt>
   <trkpt lat="45.936510000000006" lon="12.229600000000001">
    <ele>181.52</ele>
   </trkpt>
   <trkpt lat="45.936640000000004" lon="12.229470000000001">
    <ele>180.36</ele>
   </trkpt>
   <trkpt lat="45.93675" lon="12.22948">
    <ele>180.36</ele>
   </trkpt>
   <trkpt lat="45.937090000000005" lon="12.229610000000001">
    <ele>179.51</ele>
   </trkpt>
   <trkpt lat="45.937760000000004" lon="12.22985">
    <ele>178.86</ele>
   </trkpt>
   <trkpt lat="45.93798" lon="12.22996">
    <ele>178.72000000000003</ele>
   </trkpt>
   <trkpt lat="45.93807" lon="12.230070000000001">
    <ele>178.57</ele>
   </trkpt>
   <trkpt lat="45.938210000000005" lon="12.230450000000001">
    <ele>178.13</ele>
   </trkpt>
   <trkpt lat="45.93838" lon="12.23126">
    <ele>176.6</ele>
   </trkpt>
   <trkpt lat="45.93847" lon="12.231380000000001">
    <ele>176.50000000000003</ele>
   </trkpt>
   <trkpt lat="45.9386" lon="12.231340000000001">
    <ele>176.04</ele>
   </trkpt>
   <trkpt lat="45.93863" lon="12.231290000000001">
    <ele>175.64000000000001</ele>
   </trkpt>
   <trkpt lat="45.93865" lon="12.23113">
    <ele>175.64000000000001</ele>
   </trkpt>
   <trkpt lat="45.93851" lon="12.23047">
    <ele>173.34000000000003</ele>
   </trkpt>
   <trkpt lat="45.93847" lon="12.23013">
    <ele>172.41</ele>
   </trkpt>
   <trkpt lat="45.938480000000006" lon="12.23004">
    <ele>172.41</ele>
   </trkpt>
   <trkpt lat="45.93853000000001" lon="12.229920000000002">
    <ele>172.14000000000001</ele>
   </trkpt>
   <trkpt lat="45.938590000000005" lon="12.22986">
    <ele>171.83</ele>
   </trkpt>
   <trkpt lat="45.93865" lon="12.22985">
    <ele>171.83</ele>
   </trkpt>
   <trkpt lat="45.93872" lon="12.229890000000001">
    <ele>171.0</ele>
   </trkpt>
   <trkpt lat="45.93878" lon="12.229970000000002">
    <ele>171.0</ele>
   </trkpt>
   <trkpt lat="45.93887" lon="12.23023">
    <ele>170.43000000000004</ele>
   </trkpt>
   <trkpt lat="45.93907" lon="12.231250000000001">
    <ele>168.79000000000002</ele>
   </trkpt>
   <trkpt lat="45.939060000000005" lon="12.231440000000001">
    <ele>168.64000000000001</ele>
   </trkpt>
   <trkpt lat="45.938990000000004" lon="12.231660000000002">
    <ele>168.14000000000001</ele>
   </trkpt>
   <trkpt lat="45.93885" lon="12.23183">
    <ele>167.72</ele>
   </trkpt>
   <trkpt lat="45.938770000000005" lon="12.23188">
    <ele>167.72</ele>
   </trkpt>
   <trkpt lat="45.938520000000004" lon="12.23192">
    <ele>167.35000000000002</ele>
   </trkpt>
   <trkpt lat="45.93786" lon="12.23187">
    <ele>165.21</ele>
   </trkpt>
   <trkpt lat="45.937760000000004" lon="12.23188">
    <ele>165.21</ele>
   </trkpt>
   <trkpt lat="45.93762" lon="12.23193">
    <ele>164.15</ele>
   </trkpt>
   <trkpt lat="45.937560000000005" lon="12.232000000000001">
    <ele>163.84</ele>
   </trkpt>
   <trkpt lat="45.93753" lon="12.232090000000001">
    <ele>163.84</ele>
   </trkpt>
   <trkpt lat="45.93751" lon="12.232220000000002">
    <ele>163.27</ele>
   </trkpt>
   <trkpt lat="45.93751" lon="12.232370000000001">
    <ele>162.95000000000002</ele>
   </trkpt>
   <trkpt lat="45.93755" lon="12.232500000000002">
    <ele>162.4</ele>
   </trkpt>
   <trkpt lat="45.93768" lon="12.232730000000002">
    <ele>161.82000000000002</ele>
   </trkpt>
   <trkpt lat="45.93804000071272" lon="12.233134997367689">
    <ele>159.42000000000002</ele>
   </trkpt>
   <trkpt lat="45.9384" lon="12.233540000000001">
    <ele>158.93</ele>
   </trkpt>
   <trkpt lat="45.938590000000005" lon="12.233830000000001">
    <ele>157.0</ele>
   </trkpt>
   <trkpt lat="45.93871" lon="12.234160000000001">
    <ele>155.72000000000003</ele>
   </trkpt>
   <trkpt lat="45.938750000000006" lon="12.234430000000001">
    <ele>155.72000000000003</ele>
   </trkpt>
   <trkpt lat="45.938810000000004" lon="12.23454">
    <ele>155.33</ele>
   </trkpt>
   <trkpt lat="45.93885" lon="12.234570000000001">
    <ele>155.33</ele>
   </trkpt>
   <trkpt lat="45.93894" lon="12.234570000000001">
    <ele>154.60000000000002</ele>
   </trkpt>
   <trkpt lat="45.938990000000004" lon="12.234520000000002">
    <ele>154.60000000000002</ele>
   </trkpt>
   <trkpt lat="45.93903" lon="12.2344">
    <ele>154.60000000000002</ele>
   </trkpt>
   <trkpt lat="45.939020000000006" lon="12.234210000000001">
    <ele>153.73</ele>
   </trkpt>
   <trkpt lat="45.938900000000004" lon="12.23365">
    <ele>152.77</ele>
   </trkpt>
   <trkpt lat="45.938900000000004" lon="12.233490000000002">
    <ele>152.44000000000003</ele>
   </trkpt>
   <trkpt lat="45.938990000000004" lon="12.23333">
    <ele>152.08</ele>
   </trkpt>
   <trkpt lat="45.93905" lon="12.23329">
    <ele>151.50000000000003</ele>
   </trkpt>
   <trkpt lat="45.939150000000005" lon="12.23329">
    <ele>151.50000000000003</ele>
   </trkpt>
   <trkpt lat="45.93923" lon="12.233340000000002">
    <ele>150.67000000000002</ele>
   </trkpt>
   <trkpt lat="45.939350000000005" lon="12.233540000000001">
    <ele>150.28000000000003</ele>
   </trkpt>
   <trkpt lat="45.939730000000004" lon="12.234350000000001">
    <ele>147.11</ele>
   </trkpt>
   <trkpt lat="45.939890000000005" lon="12.23478">
    <ele>146.34000000000003</ele>
   </trkpt>
   <trkpt lat="45.93999" lon="12.235280000000001">
    <ele>144.79</ele>
   </trkpt>
   <trkpt lat="45.940000000000005" lon="12.236220000000001">
    <ele>140.15000000000003</ele>
   </trkpt>
   <trkpt lat="45.94004" lon="12.23662">
    <ele>138.88</ele>
   </trkpt>
   <trkpt lat="45.940110000000004" lon="12.237000000000002">
    <ele>135.9</ele>
   </trkpt>
   <trkpt lat="45.94035" lon="12.237630000000001">
    <ele>133.81</ele>
   </trkpt>
   <trkpt lat="45.94042" lon="12.237860000000001">
    <ele>133.39000000000001</ele>
   </trkpt>
   <trkpt lat="45.940490000000004" lon="12.23821">
    <ele>132.68</ele>
   </trkpt>
   <trkpt lat="45.940400000000004" lon="12.239320000000001">
    <ele>130.31</ele>
   </trkpt>
   <trkpt lat="45.94042" lon="12.239690000000001">
    <ele>129.61</ele>
   </trkpt>
   <trkpt lat="45.940470000000005" lon="12.23989">
    <ele>129.53</ele>
   </trkpt>
   <trkpt lat="45.940900000000006" lon="12.24083">
    <ele>127.81</ele>
   </trkpt>
   <trkpt lat="45.941" lon="12.24117">
    <ele>127.52000000000002</ele>
   </trkpt>
   <trkpt lat="45.941050000000004" lon="12.241420000000002">
    <ele>127.44</ele>
   </trkpt>
   <trkpt lat="45.94112500182112" lon="12.242059999431904">
    <ele>127.22</ele>
   </trkpt>
   <trkpt lat="45.9412" lon="12.242700000000001">
    <ele>127.16000000000003</ele>
   </trkpt>
   <trkpt lat="45.94138" lon="12.243020000000001">
    <ele>126.94</ele>
   </trkpt>
   <trkpt lat="45.94167" lon="12.243760000000002">
    <ele>126.64</ele>
   </trkpt>
   <trkpt lat="45.942090008564584" lon="12.24474998503878">
    <ele>127.44</ele>
   </trkpt>
   <trkpt lat="45.94251000858093" lon="12.24573998507708">
    <ele>129.17000000000002</ele>
   </trkpt>
   <trkpt lat="45.942930000000004" lon="12.246730000000001">
    <ele>129.45000000000002</ele>
   </trkpt>
   <trkpt lat="45.94305000000001" lon="12.24708">
    <ele>129.32000000000002</ele>
   </trkpt>
   <trkpt lat="45.943130000000004" lon="12.247530000000001">
    <ele>128.96</ele>
   </trkpt>
   <trkpt lat="45.94316334211605" lon="12.248533332203392">
    <ele>129.45000000000002</ele>
   </trkpt>
   <trkpt lat="45.94319667545192" lon="12.249536665613453">
    <ele>130.82000000000002</ele>
   </trkpt>
   <trkpt lat="45.94323000000001" lon="12.25054">
    <ele>132.21</ele>
   </trkpt>
   <trkpt lat="45.94329500189605" lon="12.251194999484834">
    <ele>133.09</ele>
   </trkpt>
   <trkpt lat="45.943360000000006" lon="12.251850000000001">
    <ele>134.17000000000002</ele>
   </trkpt>
   <trkpt lat="45.94342" lon="12.252080000000001">
    <ele>134.17000000000002</ele>
   </trkpt>
   <trkpt lat="45.94361000000001" lon="12.25247">
    <ele>134.63</ele>
   </trkpt>
   <trkpt lat="45.94379000000001" lon="12.252680000000002">
    <ele>134.87</ele>
   </trkpt>
   <trkpt lat="45.944190000000006" lon="12.253050000000002">
    <ele>135.29000000000002</ele>
   </trkpt>
   <trkpt lat="45.94464000000001" lon="12.2535">
    <ele>136.03</ele>
   </trkpt>
   <trkpt lat="45.944840000000006" lon="12.253800000000002">
    <ele>136.64000000000001</ele>
   </trkpt>
   <trkpt lat="45.944970000000005" lon="12.25406">
    <ele>137.01000000000002</ele>
   </trkpt>
   <trkpt lat="45.945100000000004" lon="12.254460000000002">
    <ele>138.0</ele>
   </trkpt>
   <trkpt lat="45.94516" lon="12.254700000000001">
    <ele>138.74</ele>
   </trkpt>
   <trkpt lat="45.94542334548521" lon="12.255879988823072">
    <ele>143.15</ele>
   </trkpt>
   <trkpt lat="45.94568667882615" lon="12.257059988856978">
    <ele>151.12</ele>
   </trkpt>
   <trkpt lat="45.94595" lon="12.25824">
    <ele>155.91000000000003</ele>
   </trkpt>
   <trkpt lat="45.94596000000001" lon="12.25867">
    <ele>156.15</ele>
   </trkpt>
   <trkpt lat="45.94594" lon="12.258880000000001">
    <ele>156.15</ele>
   </trkpt>
   <trkpt lat="45.945890000000006" lon="12.259070000000001">
    <ele>156.06</ele>
   </trkpt>
   <trkpt lat="45.9457" lon="12.259450000000001">
    <ele>153.71</ele>
   </trkpt>
   <trkpt lat="45.94529000000001" lon="12.259920000000001">
    <ele>148.79</ele>
   </trkpt>
   <trkpt lat="45.945150000000005" lon="12.26012">
    <ele>148.79</ele>
   </trkpt>
   <trkpt lat="45.94505" lon="12.260280000000002">
    <ele>146.3</ele>
   </trkpt>
   <trkpt lat="45.94498" lon="12.26046">
    <ele>146.3</ele>
   </trkpt>
   <trkpt lat="45.94492" lon="12.260670000000001">
    <ele>144.18</ele>
   </trkpt>
   <trkpt lat="45.944860000000006" lon="12.26115">
    <ele>141.02</ele>
   </trkpt>
   <trkpt lat="45.94483500207396" lon="12.261840000374656">
    <ele>137.45000000000002</ele>
   </trkpt>
   <trkpt lat="45.944810000000004" lon="12.262530000000002">
    <ele>132.44</ele>
   </trkpt>
   <trkpt lat="45.94478" lon="12.262690000000001">
    <ele>132.44</ele>
   </trkpt>
   <trkpt lat="45.944610000000004" lon="12.263290000000001">
    <ele>127.66000000000003</ele>
   </trkpt>
   <trkpt lat="45.94433" lon="12.26392">
    <ele>124.45</ele>
   </trkpt>
   <trkpt lat="45.94417000000001" lon="12.264360000000002">
    <ele>121.75000000000001</ele>
   </trkpt>
   <trkpt lat="45.94390000381392" lon="12.265295004548642">
    <ele>116.9</ele>
   </trkpt>
   <trkpt lat="45.943630000000006" lon="12.26623">
    <ele>114.74000000000001</ele>
   </trkpt>
   <trkpt lat="45.94341000000001" lon="12.266810000000001">
    <ele>113.74000000000001</ele>
   </trkpt>
   <trkpt lat="45.94295001138907" lon="12.267742523185605">
    <ele>111.59</ele>
   </trkpt>
   <trkpt lat="45.9424900151937" lon="12.268675030896889">
    <ele>109.68</ele>
   </trkpt>
   <trkpt lat="45.942030011414126" lon="12.269607523134104">
    <ele>106.95</ele>
   </trkpt>
   <trkpt lat="45.941570000000006" lon="12.27054">
    <ele>104.46000000000001</ele>
   </trkpt>
   <trkpt lat="45.941055004423866" lon="12.271545009297725">
    <ele>102.64</ele>
   </trkpt>
   <trkpt lat="45.940540000000006" lon="12.27255">
    <ele>105.48</ele>
   </trkpt>
   <trkpt lat="45.94044" lon="12.2728">
    <ele>108.22000000000001</ele>
   </trkpt>
   <trkpt lat="45.940380000000005" lon="12.273040000000002">
    <ele>109.55000000000001</ele>
   </trkpt>
   <trkpt lat="45.940360000000005" lon="12.273230000000002">
    <ele>110.64</ele>
   </trkpt>
   <trkpt lat="45.94037" lon="12.273430000000001">
    <ele>111.39</ele>
   </trkpt>
   <trkpt lat="45.940430000000006" lon="12.273660000000001">
    <ele>112.88000000000001</ele>
   </trkpt>
   <trkpt lat="45.94050000000001" lon="12.273790000000002">
    <ele>112.52000000000001</ele>
   </trkpt>
   <trkpt lat="45.94064" lon="12.273930000000002">
    <ele>112.52000000000001</ele>
   </trkpt>
   <trkpt lat="45.940900000000006" lon="12.2741">
    <ele>114.90000000000002</ele>
   </trkpt>
   <trkpt lat="45.941590000000005" lon="12.274410000000001">
    <ele>118.68</ele>
   </trkpt>
   <trkpt lat="45.94205" lon="12.27466">
    <ele>121.75000000000001</ele>
   </trkpt>
   <trkpt lat="45.94257" lon="12.275060000000002">
    <ele>125.73</ele>
   </trkpt>
   <trkpt lat="45.94314000106811" lon="12.275554994910323">
    <ele>130.5</ele>
   </trkpt>
   <trkpt lat="45.94371" lon="12.276050000000001">
    <ele>133.46</ele>
   </trkpt>
   <trkpt lat="45.94438666945167" lon="12.27661998604412">
    <ele>137.99</ele>
   </trkpt>
   <trkpt lat="45.94506333606965" lon="12.27718998600287">
    <ele>143.17000000000002</ele>
   </trkpt>
   <trkpt lat="45.94574" lon="12.27776">
    <ele>148.23</ele>
   </trkpt>
   <trkpt lat="45.94622000028273" lon="12.278069997227652">
    <ele>150.61</ele>
   </trkpt>
   <trkpt lat="45.94670000000001" lon="12.27838">
    <ele>153.06</ele>
   </trkpt>
   <trkpt lat="45.94715000046245" lon="12.27866999770744">
    <ele>155.63000000000002</ele>
   </trkpt>
   <trkpt lat="45.9476" lon="12.278960000000001">
    <ele>158.31</ele>
   </trkpt>
   <trkpt lat="45.947750000000006" lon="12.27904">
    <ele>159.37</ele>
   </trkpt>
   <trkpt lat="45.94789" lon="12.279090000000002">
    <ele>159.93</ele>
   </trkpt>
   <trkpt lat="45.94805" lon="12.27912">
    <ele>160.27</ele>
   </trkpt>
   <trkpt lat="45.94820000000001" lon="12.27913">
    <ele>160.74</ele>
   </trkpt>
   <trkpt lat="45.948370000000004" lon="12.279090000000002">
    <ele>160.86</ele>
   </trkpt>
   <trkpt lat="45.94856" lon="12.279010000000001">
    <ele>160.70000000000002</ele>
   </trkpt>
   <trkpt lat="45.949360000000006" lon="12.278550000000001">
    <ele>159.03</ele>
   </trkpt>
   <trkpt lat="45.949540000000006" lon="12.278480000000002">
    <ele>158.8</ele>
   </trkpt>
   <trkpt lat="45.94995" lon="12.27843">
    <ele>158.19000000000003</ele>
   </trkpt>
   <trkpt lat="45.95022" lon="12.27847">
    <ele>157.9</ele>
   </trkpt>
   <trkpt lat="45.9508766667972" lon="12.278606663421503">
    <ele>157.64</ele>
   </trkpt>
   <trkpt lat="45.95153333343149" lon="12.27874333008138">
    <ele>158.38000000000002</ele>
   </trkpt>
   <trkpt lat="45.95219" lon="12.278880000000001">
    <ele>160.5</ele>
   </trkpt>
   <trkpt lat="45.95264" lon="12.279050000000002">
    <ele>162.54999999999998</ele>
   </trkpt>
   <trkpt lat="45.953340000000004" lon="12.27936">
    <ele>164.31</ele>
   </trkpt>
   <trkpt lat="45.95406000072414" lon="12.279643325980608">
    <ele>166.37</ele>
   </trkpt>
   <trkpt lat="45.95478000074814" lon="12.279926659323253">
    <ele>164.51000000000002</ele>
   </trkpt>
   <trkpt lat="45.9555" lon="12.28021">
    <ele>159.04000000000002</ele>
   </trkpt>
   <trkpt lat="45.95573" lon="12.28035">
    <ele>158.22</ele>
   </trkpt>
   <trkpt lat="45.95597" lon="12.280610000000001">
    <ele>156.10000000000002</ele>
   </trkpt>
   <trkpt lat="45.956120000000006" lon="12.280880000000002">
    <ele>154.8</ele>
   </trkpt>
   <trkpt lat="45.956470002985476" lon="12.281704994830124">
    <ele>148.49</ele>
   </trkpt>
   <trkpt lat="45.95682" lon="12.282530000000001">
    <ele>145.37</ele>
   </trkpt>
   <trkpt lat="45.957060000000006" lon="12.28293">
    <ele>141.44</ele>
   </trkpt>
   <trkpt lat="45.957150000000006" lon="12.28301">
    <ele>141.44</ele>
   </trkpt>
   <trkpt lat="45.957260000000005" lon="12.28307">
    <ele>140.44</ele>
   </trkpt>
   <trkpt lat="45.957390000000004" lon="12.283100000000001">
    <ele>139.39000000000001</ele>
   </trkpt>
   <trkpt lat="45.957940000028785" lon="12.283090000098742">
    <ele>134.4</ele>
   </trkpt>
   <trkpt lat="45.958490000000005" lon="12.283080000000002">
    <ele>131.75</ele>
   </trkpt>
   <trkpt lat="45.958670000000005" lon="12.283100000000001">
    <ele>131.48000000000002</ele>
   </trkpt>
   <trkpt lat="45.95899000000001" lon="12.283190000000001">
    <ele>131.41</ele>
   </trkpt>
   <trkpt lat="45.95977250201243" lon="12.283582483368987">
    <ele>133.10000000000002</ele>
   </trkpt>
   <trkpt lat="45.96055500268127" lon="12.283974977823913">
    <ele>136.03</ele>
   </trkpt>
   <trkpt lat="45.96133750200647" lon="12.284367483365372">
    <ele>138.83</ele>
   </trkpt>
   <trkpt lat="45.962120000000006" lon="12.28476">
    <ele>140.36</ele>
   </trkpt>
   <trkpt lat="45.96264" lon="12.285010000000002">
    <ele>140.98000000000002</ele>
   </trkpt>
   <trkpt lat="45.96282" lon="12.28508">
    <ele>141.01000000000002</ele>
   </trkpt>
   <trkpt lat="45.96304000000001" lon="12.285100000000002">
    <ele>140.95000000000002</ele>
   </trkpt>
   <trkpt lat="45.96383" lon="12.28503">
    <ele>141.43</ele>
   </trkpt>
   <trkpt lat="45.96405" lon="12.28503">
    <ele>141.36</ele>
   </trkpt>
   <trkpt lat="45.96426" lon="12.28508">
    <ele>141.25</ele>
   </trkpt>
   <trkpt lat="45.964420000000004" lon="12.28518">
    <ele>141.01000000000002</ele>
   </trkpt>
   <trkpt lat="45.96453" lon="12.285260000000001">
    <ele>140.39000000000001</ele>
   </trkpt>
   <trkpt lat="45.96472000000001" lon="12.285470000000002">
    <ele>140.24</ele>
   </trkpt>
   <trkpt lat="45.96525667156664" lon="12.286219985460173">
    <ele>139.59</ele>
   </trkpt>
   <trkpt lat="45.96579333822743" lon="12.286969985451723">
    <ele>138.47</ele>
   </trkpt>
   <trkpt lat="45.966330000000006" lon="12.28772">
    <ele>137.22</ele>
   </trkpt>
   <trkpt lat="45.96641" lon="12.287830000000001">
    <ele>137.13</ele>
   </trkpt>
   <trkpt lat="45.96672" lon="12.28813">
    <ele>136.63</ele>
   </trkpt>
   <trkpt lat="45.96679" lon="12.288310000000001">
    <ele>136.63</ele>
   </trkpt>
   <trkpt lat="45.96701" lon="12.288680000000001">
    <ele>136.25</ele>
   </trkpt>
   <trkpt lat="45.967540004838256" lon="12.289426652344305">
    <ele>135.77</ele>
   </trkpt>
   <trkpt lat="45.968070004814194" lon="12.290173318976832">
    <ele>135.8</ele>
   </trkpt>
   <trkpt lat="45.9686" lon="12.290920000000002">
    <ele>136.15</ele>
   </trkpt>
   <trkpt lat="45.96885" lon="12.291430000000002">
    <ele>136.25</ele>
   </trkpt>
   <trkpt lat="45.96926667397192" lon="12.292346652824023">
    <ele>136.37</ele>
   </trkpt>
   <trkpt lat="45.96968334061534" lon="12.293263319439324">
    <ele>136.3</ele>
   </trkpt>
   <trkpt lat="45.9701" lon="12.29418">
    <ele>135.88</ele>
   </trkpt>
   <trkpt lat="45.97045000000001" lon="12.2949">
    <ele>135.38</ele>
   </trkpt>
   <trkpt lat="45.97088000427432" lon="12.295884992452082">
    <ele>133.64000000000001</ele>
   </trkpt>
   <trkpt lat="45.97131" lon="12.29687">
    <ele>132.14000000000001</ele>
   </trkpt>
   <trkpt lat="45.971430000000005" lon="12.296790000000001">
    <ele>132.77</ele>
   </trkpt>
   <trkpt lat="45.972060000000006" lon="12.29615">
    <ele>134.88</ele>
   </trkpt>
   <trkpt lat="45.97214" lon="12.296090000000001">
    <ele>135.24</ele>
   </trkpt>
   <trkpt lat="45.97254" lon="12.295940000000002">
    <ele>135.75</ele>
   </trkpt>
   <trkpt lat="45.9727" lon="12.295800000000002">
    <ele>136.06</ele>
   </trkpt>
   <trkpt lat="45.97319666873234" lon="12.29530667557177">
    <ele>137.61</ele>
   </trkpt>
   <trkpt lat="45.97369333534207" lon="12.29481334229511">
    <ele>139.71</ele>
   </trkpt>
   <trkpt lat="45.97419000000001" lon="12.29432">
    <ele>140.91</ele>
   </trkpt>
   <trkpt lat="45.974590000000006" lon="12.294210000000001">
    <ele>140.69</ele>
   </trkpt>
   <trkpt lat="45.975210000000004" lon="12.29391">
    <ele>141.34000000000003</ele>
   </trkpt>
   <trkpt lat="45.97581" lon="12.293510000000001">
    <ele>142.95000000000002</ele>
   </trkpt>
   <trkpt lat="45.97623" lon="12.29349">
    <ele>143.64000000000001</ele>
   </trkpt>
   <trkpt lat="45.976490000000005" lon="12.293360000000002">
    <ele>144.29</ele>
   </trkpt>
   <trkpt lat="45.97654000000001" lon="12.293360000000002">
    <ele>144.19</ele>
   </trkpt>
   <trkpt lat="45.976600000000005" lon="12.29343">
    <ele>143.79</ele>
   </trkpt>
   <trkpt lat="45.976850000000006" lon="12.293980000000001">
    <ele>142.25</ele>
   </trkpt>
   <trkpt lat="45.9769" lon="12.294110000000002">
    <ele>141.93</ele>
   </trkpt>
   <trkpt lat="45.976960000000005" lon="12.29437">
    <ele>141.01000000000002</ele>
   </trkpt>
   <trkpt lat="45.977120000000006" lon="12.294670000000002">
    <ele>140.15000000000003</ele>
   </trkpt>
   <trkpt lat="45.977180000000004" lon="12.294740000000001">
    <ele>140.15000000000003</ele>
   </trkpt>
   <trkpt lat="45.97748000000001" lon="12.29498">
    <ele>139.24</ele>
   </trkpt>
   <trkpt lat="45.97798" lon="12.295290000000001">
    <ele>138.61</ele>
   </trkpt>
   <trkpt lat="45.978080000000006" lon="12.29537">
    <ele>138.59</ele>
   </trkpt>
   <trkpt lat="45.97836" lon="12.295630000000001">
    <ele>138.84</ele>
   </trkpt>
   <trkpt lat="45.978790000000004" lon="12.29598">
    <ele>138.53</ele>
   </trkpt>
   <trkpt lat="45.978910000000006" lon="12.296170000000002">
    <ele>138.18000000000004</ele>
   </trkpt>
   <trkpt lat="45.97905" lon="12.296520000000001">
    <ele>137.38</ele>
   </trkpt>
   <trkpt lat="45.97925" lon="12.297080000000001">
    <ele>136.52</ele>
   </trkpt>
   <trkpt lat="45.979440000000004" lon="12.297630000000002">
    <ele>135.18</ele>
   </trkpt>
   <trkpt lat="45.979620000000004" lon="12.298250000000001">
    <ele>134.06</ele>
   </trkpt>
   <trkpt lat="45.97975" lon="12.29897">
    <ele>133.41</ele>
   </trkpt>
   <trkpt lat="45.97984" lon="12.29972">
    <ele>131.73000000000002</ele>
   </trkpt>
   <trkpt lat="45.979850000000006" lon="12.29996">
    <ele>131.0</ele>
   </trkpt>
   <trkpt lat="45.979910000000004" lon="12.300270000000001">
    <ele>130.03</ele>
   </trkpt>
   <trkpt lat="45.979940000000006" lon="12.300310000000001">
    <ele>129.94</ele>
   </trkpt>
   <trkpt lat="45.98001000000001" lon="12.30029">
    <ele>129.84</ele>
   </trkpt>
   <trkpt lat="45.9804" lon="12.299900000000001">
    <ele>129.77</ele>
   </trkpt>
   <trkpt lat="45.980920000000005" lon="12.299270000000002">
    <ele>131.0</ele>
   </trkpt>
   <trkpt lat="45.98136500122136" lon="12.29875500406431">
    <ele>131.79000000000002</ele>
   </trkpt>
   <trkpt lat="45.98181" lon="12.298240000000002">
    <ele>133.23000000000002</ele>
   </trkpt>
   <trkpt lat="45.981880000000004" lon="12.298190000000002">
    <ele>133.3</ele>
   </trkpt>
   <trkpt lat="45.98212" lon="12.29813">
    <ele>132.98000000000002</ele>
   </trkpt>
   <trkpt lat="45.98258500018772" lon="12.297965001361357">
    <ele>132.51000000000002</ele>
   </trkpt>
   <trkpt lat="45.983050000000006" lon="12.2978">
    <ele>132.19</ele>
   </trkpt>
   <trkpt lat="45.98362" lon="12.297690000000001">
    <ele>132.09</ele>
   </trkpt>
   <trkpt lat="45.98431" lon="12.29751">
    <ele>133.13</ele>
   </trkpt>
   <trkpt lat="45.985110000000006" lon="12.297160000000002">
    <ele>134.92000000000002</ele>
   </trkpt>
   <trkpt lat="45.98581" lon="12.29682">
    <ele>135.81</ele>
   </trkpt>
   <trkpt lat="45.98655857419685" lon="12.296494312145667">
    <ele>136.22</ele>
   </trkpt>
   <trkpt lat="45.98730714746856" lon="12.296168615482705">
    <ele>136.37</ele>
   </trkpt>
   <trkpt lat="45.9880557198151" lon="12.295842910010657">
    <ele>136.77</ele>
   </trkpt>
   <trkpt lat="45.98880429123639" lon="12.295517195729065">
    <ele>137.47</ele>
   </trkpt>
   <trkpt lat="45.98955286173241" lon="12.295191472637471">
    <ele>138.33</ele>
   </trkpt>
   <trkpt lat="45.99030143130311" lon="12.294865740735418">
    <ele>139.53</ele>
   </trkpt>
   <trkpt lat="45.99105" lon="12.294540000000001">
    <ele>140.42000000000002</ele>
   </trkpt>
  </trkseg>
 </trk>
</gpx>
